QUARTER,MONTH,DAY_OF_WEEK,CRS_DEP_TIME,DEP_DELAY,TAXI_OUT,TAXI_IN,CRS_ARR_TIME,ARR_DEL15,CARRIER_DELAY,WEATHER_DELAY,NAS_DELAY,SECURITY_DELAY,LATE_AIRCRAFT_DELAY,DelayedDepartureSFO,ScheduledDepartureSFO,DelayedArrivalPHL,ScheduledArrivalPHL
1,1,3,1,28.0,26.0,3.0,0,0.0,0.0,0.0,0.0,0.0,0.0,0.0,0.0,0.0,1.0
1,1,6,1,90.0,12.0,5.0,0,1.0,30.0,0.0,0.0,0.0,36.0,0.0,0.0,0.0,0.0
1,1,4,1,32.0,17.0,4.0,0,0.0,0.0,0.0,0.0,0.0,0.0,0.0,0.0,0.0,1.0
1,1,6,1,24.0,16.0,6.0,0,0.0,0.0,0.0,0.0,0.0,0.0,0.0,0.0,0.0,0.0
1,1,7,1,-1.0,29.0,4.0,0,1.0,0.0,0.0,16.0,0.0,0.0,0.0,0.0,0.0,1.0
1,1,1,1,0.0,16.0,6.0,0,0.0,0.0,0.0,0.0,0.0,0.0,0.0,0.0,0.0,0.0
1,1,2,1,-9.0,19.0,5.0,0,0.0,0.0,0.0,0.0,0.0,0.0,0.0,0.0,0.0,1.0
1,1,4,1,17.0,24.0,3.0,0,1.0,8.0,0.0,13.0,0.0,9.0,0.0,0.0,0.0,0.0
1,1,5,1,2.0,23.0,3.0,0,0.0,0.0,0.0,0.0,0.0,0.0,0.0,0.0,0.0,1.0
1,1,4,1,1.0,31.0,7.0,0,1.0,1.0,0.0,22.0,0.0,0.0,0.0,0.0,0.0,0.0
1,1,5,1,-5.0,18.0,8.0,0,1.0,0.0,0.0,25.0,0.0,0.0,0.0,0.0,0.0,1.0
1,1,6,1,-10.0,18.0,17.0,0,0.0,0.0,0.0,0.0,0.0,0.0,0.0,0.0,0.0,0.0
1,1,7,1,5.0,17.0,10.0,0,0.0,0.0,0.0,0.0,0.0,0.0,0.0,0.0,0.0,0.0
1,1,1,0,3.0,37.0,7.0,1,0.0,0.0,0.0,0.0,0.0,0.0,0.0,0.0,0.0,0.0
1,1,7,0,34.0,22.0,4.0,1,1.0,25.0,0.0,0.0,0.0,0.0,0.0,0.0,0.0,0.0
1,1,5,0,12.0,24.0,4.0,1,1.0,12.0,0.0,21.0,0.0,0.0,0.0,0.0,0.0,0.0
1,1,2,1,57.0,30.0,5.0,0,1.0,0.0,0.0,0.0,0.0,25.0,0.0,0.0,0.0,1.0
1,1,2,0,20.0,19.0,10.0,1,0.0,0.0,0.0,0.0,0.0,0.0,0.0,0.0,0.0,0.0
1,1,3,0,48.0,12.0,7.0,1,1.0,17.0,0.0,0.0,0.0,0.0,0.0,0.0,0.0,1.0
1,1,3,0,32.0,26.0,3.0,1,0.0,0.0,0.0,0.0,0.0,0.0,0.0,0.0,0.0,0.0
1,1,1,0,0.0,19.0,3.0,1,0.0,0.0,0.0,0.0,0.0,0.0,0.0,0.0,0.0,1.0
1,1,2,0,0.0,16.0,5.0,1,0.0,0.0,0.0,0.0,0.0,0.0,0.0,0.0,0.0,0.0
1,1,3,0,-6.0,61.0,10.0,1,1.0,0.0,0.0,52.0,0.0,0.0,0.0,0.0,0.0,0.0
1,1,4,0,1.0,16.0,4.0,1,0.0,0.0,0.0,0.0,0.0,0.0,0.0,0.0,0.0,0.0
1,1,5,0,4.0,40.0,8.0,1,1.0,4.0,0.0,18.0,0.0,0.0,0.0,0.0,0.0,1.0
1,1,1,0,-7.0,26.0,5.0,1,1.0,0.0,0.0,15.0,0.0,0.0,0.0,0.0,0.0,0.0
1,1,3,0,14.0,58.0,2.0,1,1.0,14.0,0.0,9.0,0.0,0.0,0.0,0.0,0.0,1.0
1,1,4,0,5.0,22.0,8.0,1,1.0,5.0,0.0,20.0,0.0,0.0,0.0,0.0,0.0,0.0
1,1,5,0,0.0,18.0,13.0,1,1.0,0.0,0.0,20.0,0.0,0.0,0.0,0.0,0.0,0.0
1,1,6,0,-9.0,15.0,4.0,1,0.0,0.0,0.0,0.0,0.0,0.0,0.0,0.0,0.0,0.0
1,1,1,1,18.0,22.0,7.0,1,1.0,0.0,0.0,10.0,0.0,17.0,0.0,0.0,0.0,0.0
1,1,4,1,1.0,20.0,18.0,1,0.0,0.0,0.0,0.0,0.0,0.0,0.0,0.0,0.0,0.0
1,1,7,1,34.0,47.0,6.0,1,1.0,0.0,2.0,9.0,0.0,32.0,0.0,0.0,0.0,1.0
1,1,1,0,54.0,21.0,6.0,1,1.0,5.0,0.0,0.0,0.0,29.0,0.0,0.0,0.0,0.0
1,1,6,0,184.0,22.0,5.0,1,1.0,144.0,0.0,0.0,0.0,22.0,0.0,3.0,0.0,2.0
1,1,7,0,41.0,43.0,5.0,1,1.0,0.0,6.0,12.0,0.0,35.0,0.0,0.0,0.0,0.0
1,1,1,0,0.0,38.0,6.0,1,0.0,0.0,0.0,0.0,0.0,0.0,0.0,3.0,0.0,1.0
1,1,1,0,0.0,23.0,5.0,1,1.0,0.0,0.0,16.0,0.0,0.0,0.0,0.0,0.0,0.0
1,1,2,0,-5.0,31.0,6.0,1,1.0,0.0,0.0,42.0,0.0,0.0,0.0,3.0,0.0,2.0
1,1,3,0,8.0,22.0,6.0,1,0.0,0.0,0.0,0.0,0.0,0.0,0.0,0.0,0.0,0.0
1,1,4,0,11.0,24.0,7.0,1,0.0,0.0,0.0,0.0,0.0,0.0,0.0,0.0,0.0,1.0
1,1,5,0,14.0,31.0,7.0,1,0.0,0.0,0.0,0.0,0.0,0.0,0.0,0.0,0.0,0.0
1,1,1,0,15.0,27.0,8.0,1,0.0,0.0,0.0,0.0,0.0,0.0,0.0,1.0,1.0,4.0
1,1,3,0,-3.0,41.0,9.0,1,1.0,0.0,0.0,15.0,0.0,0.0,0.0,0.0,0.0,0.0
1,1,5,0,-5.0,17.0,4.0,1,1.0,0.0,0.0,23.0,0.0,0.0,0.0,1.0,1.0,4.0
1,1,7,0,-5.0,70.0,11.0,1,1.0,0.0,0.0,37.0,0.0,0.0,0.0,0.0,0.0,0.0
1,1,7,1,190.0,14.0,10.0,0,1.0,170.0,0.0,0.0,0.0,0.0,1.0,4.0,0.0,0.0
1,1,5,0,46.0,22.0,7.0,1,1.0,0.0,0.0,34.0,0.0,0.0,0.0,0.0,0.0,0.0
1,1,4,1,1.0,27.0,9.0,0,0.0,0.0,0.0,0.0,0.0,0.0,0.0,4.0,0.0,0.0
1,1,3,0,56.0,21.0,6.0,1,1.0,0.0,0.0,50.0,0.0,0.0,0.0,0.0,0.0,0.0
1,1,1,1,63.0,21.0,6.0,1,1.0,3.0,0.0,0.0,0.0,34.0,0.0,4.0,0.0,0.0
1,1,7,1,146.0,16.0,9.0,0,1.0,33.0,0.0,0.0,0.0,82.0,0.0,0.0,0.0,0.0
1,1,4,1,14.0,31.0,5.0,0,1.0,14.0,0.0,12.0,0.0,0.0,1.0,4.0,0.0,0.0
1,1,3,0,7.0,38.0,5.0,1,0.0,0.0,0.0,0.0,0.0,0.0,0.0,0.0,0.0,0.0
1,1,2,0,-2.0,45.0,7.0,1,0.0,0.0,0.0,0.0,0.0,0.0,0.0,4.0,0.0,0.0
1,1,7,1,88.0,21.0,4.0,0,1.0,3.0,0.0,0.0,0.0,59.0,0.0,0.0,0.0,0.0
1,1,6,0,276.0,16.0,10.0,1,1.0,0.0,0.0,234.0,0.0,10.0,0.0,4.0,0.0,0.0
1,1,4,0,49.0,26.0,7.0,1,1.0,7.0,0.0,0.0,0.0,19.0,0.0,0.0,0.0,0.0
1,1,4,1,63.0,15.0,10.0,0,1.0,28.0,0.0,0.0,0.0,0.0,1.0,4.0,0.0,0.0
1,1,1,0,-6.0,26.0,6.0,1,0.0,0.0,0.0,0.0,0.0,0.0,0.0,0.0,0.0,0.0
1,1,1,1,-1.0,26.0,6.0,0,0.0,0.0,0.0,0.0,0.0,0.0,0.0,4.0,0.0,0.0
1,1,7,1,43.0,11.0,6.0,0,1.0,37.0,0.0,0.0,0.0,0.0,0.0,0.0,0.0,0.0
1,1,5,1,24.0,37.0,10.0,0,1.0,20.0,0.0,0.0,0.0,0.0,0.0,4.0,0.0,0.0
1,2,5,1,94.0,17.0,6.0,0,1.0,63.0,0.0,0.0,0.0,0.0,0.0,0.0,0.0,1.0
1,2,4,0,30.0,16.0,6.0,1,0.0,0.0,0.0,0.0,0.0,0.0,0.0,0.0,0.0,0.0
1,2,4,1,73.0,19.0,11.0,0,1.0,10.0,0.0,0.0,0.0,47.0,0.0,0.0,0.0,1.0
1,2,3,0,30.0,30.0,3.0,1,0.0,0.0,0.0,0.0,0.0,0.0,0.0,0.0,0.0,0.0
1,2,2,0,0.0,66.0,8.0,1,1.0,0.0,0.0,23.0,0.0,0.0,0.0,0.0,0.0,1.0
1,2,1,1,46.0,25.0,4.0,0,1.0,0.0,0.0,0.0,0.0,38.0,0.0,0.0,0.0,0.0
1,2,1,1,114.0,16.0,8.0,1,1.0,16.0,0.0,0.0,0.0,65.0,0.0,0.0,0.0,1.0
1,2,1,1,36.0,27.0,8.0,0,1.0,1.0,0.0,0.0,0.0,30.0,0.0,0.0,0.0,0.0
1,2,5,0,49.0,25.0,5.0,1,1.0,17.0,0.0,0.0,0.0,0.0,0.0,0.0,0.0,1.0
1,2,4,0,47.0,23.0,4.0,1,0.0,0.0,0.0,0.0,0.0,0.0,0.0,0.0,0.0,0.0
1,2,5,1,10.0,21.0,6.0,0,0.0,0.0,0.0,0.0,0.0,0.0,0.0,0.0,0.0,1.0
1,2,4,1,48.0,21.0,4.0,1,1.0,43.0,0.0,0.0,0.0,0.0,0.0,0.0,0.0,0.0
1,2,4,1,26.0,20.0,7.0,0,1.0,20.0,0.0,0.0,0.0,0.0,0.0,0.0,0.0,0.0
1,2,3,0,-6.0,24.0,6.0,1,0.0,0.0,0.0,0.0,0.0,0.0,0.0,0.0,0.0,0.0
1,2,2,0,-1.0,21.0,3.0,1,0.0,0.0,0.0,0.0,0.0,0.0,0.0,0.0,0.0,0.0
1,2,1,0,171.0,15.0,5.0,1,1.0,145.0,0.0,0.0,0.0,0.0,0.0,0.0,0.0,0.0
1,2,1,1,15.0,29.0,4.0,0,0.0,0.0,0.0,0.0,0.0,0.0,0.0,0.0,0.0,1.0
1,2,3,1,12.0,24.0,3.0,0,1.0,12.0,0.0,14.0,0.0,0.0,0.0,0.0,0.0,0.0
1,2,5,1,20.0,27.0,5.0,0,1.0,20.0,0.0,8.0,0.0,0.0,0.0,0.0,0.0,1.0
1,2,4,1,2.0,36.0,5.0,0,1.0,0.0,0.0,19.0,0.0,2.0,0.0,0.0,0.0,0.0
1,2,2,0,-5.0,46.0,10.0,1,0.0,0.0,0.0,0.0,0.0,0.0,0.0,0.0,0.0,1.0
1,2,4,0,19.0,29.0,4.0,1,0.0,0.0,0.0,0.0,0.0,0.0,0.0,0.0,0.0,0.0
1,2,2,0,-9.0,13.0,7.0,1,0.0,0.0,0.0,0.0,0.0,0.0,0.0,0.0,0.0,0.0
1,2,3,0,-3.0,15.0,4.0,1,0.0,0.0,0.0,0.0,0.0,0.0,0.0,0.0,0.0,0.0
1,2,4,0,27.0,31.0,5.0,1,1.0,27.0,0.0,10.0,0.0,0.0,0.0,0.0,0.0,1.0
1,2,6,0,1.0,29.0,3.0,1,0.0,0.0,0.0,0.0,0.0,0.0,0.0,0.0,0.0,0.0
1,2,1,0,21.0,24.0,7.0,1,0.0,0.0,0.0,0.0,0.0,0.0,0.0,0.0,0.0,1.0
1,2,4,0,57.0,28.0,5.0,1,1.0,0.0,0.0,0.0,0.0,30.0,0.0,0.0,0.0,0.0
1,2,1,0,-4.0,26.0,2.0,1,0.0,0.0,0.0,0.0,0.0,0.0,0.0,0.0,0.0,0.0
1,2,4,0,65.0,31.0,3.0,1,1.0,0.0,0.0,35.0,0.0,14.0,0.0,0.0,0.0,0.0
1,2,3,0,-6.0,26.0,4.0,1,0.0,0.0,0.0,0.0,0.0,0.0,0.0,0.0,0.0,0.0
1,2,4,0,34.0,35.0,5.0,1,1.0,0.0,0.0,18.0,0.0,34.0,0.0,0.0,0.0,0.0
1,2,5,0,46.0,23.0,3.0,1,1.0,1.0,0.0,0.0,0.0,39.0,0.0,0.0,0.0,1.0
1,2,5,0,-2.0,27.0,26.0,1,0.0,0.0,0.0,0.0,0.0,0.0,0.0,0.0,0.0,0.0
1,2,6,0,9.0,16.0,7.0,0,0.0,0.0,0.0,0.0,0.0,0.0,0.0,3.0,0.0,2.0
1,3,4,1,-1.0,26.0,5.0,0,0.0,0.0,0.0,0.0,0.0,0.0,0.0,0.0,0.0,1.0
1,3,1,1,-12.0,21.0,5.0,0,0.0,0.0,0.0,0.0,0.0,0.0,0.0,0.0,0.0,0.0
1,3,7,1,5.0,26.0,7.0,0,1.0,5.0,0.0,13.0,0.0,0.0,0.0,0.0,0.0,1.0
1,3,3,1,0.0,21.0,5.0,0,0.0,0.0,0.0,0.0,0.0,0.0,0.0,0.0,0.0,0.0
1,3,4,1,10.0,23.0,4.0,0,0.0,0.0,0.0,0.0,0.0,0.0,0.0,0.0,0.0,1.0
1,3,7,1,25.0,16.0,5.0,0,0.0,0.0,0.0,0.0,0.0,0.0,0.0,0.0,0.0,0.0
1,3,3,1,6.0,29.0,10.0,0,0.0,0.0,0.0,0.0,0.0,0.0,0.0,0.0,0.0,1.0
1,3,4,1,2.0,20.0,7.0,0,0.0,0.0,0.0,0.0,0.0,0.0,0.0,0.0,0.0,0.0
1,3,6,1,-4.0,24.0,5.0,0,1.0,0.0,0.0,23.0,0.0,0.0,0.0,0.0,0.0,1.0
1,3,7,1,-6.0,31.0,12.0,0,0.0,0.0,0.0,0.0,0.0,0.0,0.0,0.0,0.0,0.0
1,3,1,1,-7.0,33.0,9.0,0,0.0,0.0,0.0,0.0,0.0,0.0,0.0,0.0,0.0,1.0
1,3,4,1,5.0,34.0,6.0,0,1.0,2.0,0.0,33.0,0.0,3.0,0.0,0.0,0.0,0.0
1,3,5,1,16.0,19.0,4.0,0,1.0,0.0,0.0,17.0,0.0,16.0,0.0,0.0,0.0,0.0
1,3,3,0,-6.0,57.0,12.0,1,1.0,0.0,0.0,21.0,0.0,0.0,0.0,0.0,0.0,0.0
1,3,1,0,2.0,14.0,10.0,1,0.0,0.0,0.0,0.0,0.0,0.0,0.0,0.0,0.0,0.0
1,3,4,0,12.0,19.0,3.0,1,0.0,0.0,0.0,0.0,0.0,0.0,0.0,0.0,0.0,0.0
1,3,7,0,15.0,17.0,7.0,1,0.0,0.0,0.0,0.0,0.0,0.0,0.0,0.0,0.0,1.0
1,3,5,0,56.0,43.0,6.0,1,1.0,56.0,0.0,11.0,0.0,0.0,0.0,0.0,0.0,0.0
1,3,6,0,1.0,16.0,3.0,1,0.0,0.0,0.0,0.0,0.0,0.0,0.0,0.0,0.0,1.0
1,3,1,0,-1.0,37.0,7.0,1,1.0,0.0,0.0,17.0,0.0,0.0,0.0,0.0,0.0,0.0
1,3,4,0,5.0,25.0,5.0,1,1.0,5.0,0.0,12.0,0.0,0.0,0.0,0.0,0.0,1.0
1,3,5,0,51.0,21.0,8.0,1,1.0,0.0,0.0,74.0,0.0,0.0,0.0,0.0,0.0,0.0
1,3,3,0,-4.0,38.0,8.0,1,1.0,0.0,0.0,17.0,0.0,0.0,0.0,0.0,0.0,0.0
1,3,5,0,21.0,17.0,5.0,1,0.0,0.0,0.0,0.0,0.0,0.0,0.0,0.0,0.0,0.0
1,3,3,0,-3.0,23.0,3.0,1,0.0,0.0,0.0,0.0,0.0,0.0,0.0,0.0,0.0,1.0
1,3,4,0,889.0,12.0,5.0,1,1.0,839.0,0.0,0.0,0.0,45.0,0.0,0.0,0.0,0.0
1,3,1,0,0.0,49.0,3.0,1,0.0,0.0,0.0,0.0,0.0,0.0,0.0,0.0,0.0,1.0
1,3,5,0,99.0,18.0,5.0,1,1.0,0.0,0.0,0.0,0.0,89.0,0.0,0.0,0.0,0.0
1,3,6,0,-2.0,16.0,8.0,1,0.0,0.0,0.0,0.0,0.0,0.0,0.0,0.0,0.0,0.0
1,3,7,0,-6.0,28.0,15.0,1,0.0,0.0,0.0,0.0,0.0,0.0,0.0,0.0,0.0,0.0
1,3,3,0,-4.0,25.0,4.0,1,0.0,0.0,0.0,0.0,0.0,0.0,0.0,0.0,0.0,0.0
1,3,4,0,-3.0,23.0,8.0,1,0.0,0.0,0.0,0.0,0.0,0.0,0.0,0.0,0.0,0.0
1,3,5,0,11.0,22.0,8.0,1,1.0,0.0,0.0,23.0,0.0,0.0,0.0,0.0,0.0,1.0
1,3,5,1,9.0,17.0,8.0,1,1.0,9.0,0.0,7.0,0.0,0.0,0.0,0.0,0.0,0.0
1,3,5,1,-6.0,26.0,10.0,0,0.0,0.0,0.0,0.0,0.0,0.0,0.0,3.0,0.0,2.0
1,3,4,1,-1.0,42.0,8.0,0,1.0,0.0,0.0,30.0,0.0,0.0,0.0,0.0,0.0,0.0
1,3,3,1,35.0,27.0,4.0,1,1.0,1.0,0.0,0.0,0.0,31.0,0.0,3.0,0.0,1.0
1,3,2,1,113.0,19.0,5.0,1,1.0,6.0,0.0,0.0,0.0,89.0,0.0,0.0,0.0,0.0
1,3,1,1,4.0,33.0,11.0,0,1.0,0.0,0.0,16.0,0.0,0.0,0.0,3.0,0.0,2.0
1,3,2,1,3.0,26.0,7.0,0,1.0,0.0,0.0,16.0,0.0,0.0,0.0,0.0,0.0,0.0
1,3,7,1,4.0,22.0,11.0,0,0.0,0.0,0.0,0.0,0.0,0.0,0.0,0.0,0.0,1.0
1,3,5,1,9.0,27.0,5.0,1,0.0,0.0,0.0,0.0,0.0,0.0,0.0,0.0,0.0,0.0
1,3,5,1,5.0,21.0,4.0,0,0.0,0.0,0.0,0.0,0.0,0.0,0.0,1.0,1.0,4.0
1,3,4,1,27.0,20.0,15.0,0,0.0,0.0,0.0,0.0,0.0,0.0,0.0,0.0,0.0,0.0
1,3,1,1,-2.0,28.0,6.0,0,1.0,0.0,0.0,18.0,0.0,0.0,0.0,1.0,1.0,4.0
1,3,3,1,25.0,32.0,6.0,0,1.0,18.0,0.0,0.0,0.0,0.0,0.0,0.0,0.0,0.0
1,3,1,1,139.0,28.0,7.0,1,1.0,13.0,0.0,0.0,0.0,108.0,1.0,4.0,0.0,0.0
1,3,7,1,66.0,22.0,4.0,1,1.0,24.0,0.0,0.0,0.0,24.0,0.0,0.0,0.0,0.0
1,3,7,1,5.0,18.0,5.0,0,0.0,0.0,0.0,0.0,0.0,0.0,0.0,4.0,0.0,0.0
1,3,6,1,121.0,16.0,13.0,0,1.0,109.0,0.0,0.0,0.0,0.0,0.0,0.0,0.0,0.0
2,4,2,1,24.0,11.0,3.0,0,1.0,1.0,0.0,0.0,0.0,16.0,0.0,0.0,0.0,1.0
2,4,3,1,5.0,29.0,6.0,0,0.0,0.0,0.0,0.0,0.0,0.0,0.0,0.0,0.0,0.0
2,4,4,1,66.0,17.0,6.0,0,1.0,4.0,0.0,4.0,0.0,46.0,0.0,0.0,0.0,1.0
2,4,4,1,19.0,19.0,4.0,0,0.0,0.0,0.0,0.0,0.0,0.0,0.0,0.0,0.0,0.0
2,4,1,1,-2.0,38.0,6.0,0,1.0,0.0,0.0,16.0,0.0,0.0,0.0,0.0,0.0,1.0
2,4,4,1,0.0,27.0,6.0,0,0.0,0.0,0.0,0.0,0.0,0.0,0.0,0.0,0.0,0.0
2,4,5,1,4.0,35.0,4.0,0,0.0,0.0,0.0,0.0,0.0,0.0,0.0,0.0,0.0,1.0
2,4,6,1,-1.0,32.0,8.0,0,0.0,0.0,0.0,0.0,0.0,0.0,0.0,0.0,0.0,0.0
2,4,6,0,-7.0,13.0,10.0,1,0.0,0.0,0.0,0.0,0.0,0.0,0.0,0.0,0.0,1.0
2,4,1,0,-5.0,33.0,6.0,1,0.0,0.0,0.0,0.0,0.0,0.0,0.0,0.0,0.0,0.0
2,4,3,0,12.0,21.0,5.0,1,0.0,0.0,0.0,0.0,0.0,0.0,0.0,0.0,0.0,1.0
2,4,4,0,-5.0,24.0,16.0,1,0.0,0.0,0.0,0.0,0.0,0.0,0.0,0.0,0.0,0.0
2,4,5,0,67.0,26.0,7.0,1,1.0,67.0,0.0,6.0,0.0,0.0,0.0,0.0,0.0,0.0
2,4,6,0,33.0,32.0,8.0,1,1.0,33.0,0.0,13.0,0.0,0.0,0.0,0.0,0.0,0.0
2,4,1,0,5.0,30.0,5.0,1,0.0,0.0,0.0,0.0,0.0,0.0,0.0,0.0,0.0,0.0
2,4,2,0,37.0,42.0,4.0,1,1.0,0.0,0.0,53.0,0.0,0.0,0.0,0.0,0.0,0.0
2,4,6,0,9.0,11.0,5.0,1,0.0,0.0,0.0,0.0,0.0,0.0,0.0,0.0,0.0,1.0
2,4,1,0,26.0,13.0,12.0,1,1.0,0.0,0.0,0.0,0.0,21.0,0.0,0.0,0.0,0.0
2,4,4,0,60.0,20.0,7.0,1,1.0,0.0,0.0,5.0,0.0,38.0,0.0,0.0,0.0,1.0
2,4,5,0,8.0,13.0,17.0,1,0.0,0.0,0.0,0.0,0.0,0.0,0.0,0.0,0.0,0.0
2,4,6,0,18.0,20.0,6.0,1,0.0,0.0,0.0,0.0,0.0,0.0,0.0,0.0,0.0,1.0
2,4,4,0,25.0,22.0,3.0,1,0.0,0.0,0.0,0.0,0.0,0.0,0.0,0.0,0.0,0.0
2,4,5,0,-7.0,21.0,12.0,1,0.0,0.0,0.0,0.0,0.0,0.0,0.0,0.0,0.0,0.0
2,4,5,0,-2.0,21.0,23.0,1,0.0,0.0,0.0,0.0,0.0,0.0,0.0,0.0,0.0,0.0
2,4,6,0,11.0,20.0,3.0,1,0.0,0.0,0.0,0.0,0.0,0.0,0.0,0.0,0.0,1.0
2,4,7,0,30.0,14.0,12.0,1,1.0,0.0,0.0,0.0,0.0,16.0,0.0,0.0,0.0,0.0
2,4,2,0,37.0,41.0,8.0,1,1.0,0.0,0.0,44.0,0.0,0.0,0.0,0.0,0.0,1.0
2,4,3,0,46.0,12.0,4.0,1,1.0,0.0,0.0,0.0,0.0,25.0,0.0,0.0,0.0,0.0
2,4,6,0,-4.0,30.0,4.0,1,0.0,0.0,0.0,0.0,0.0,0.0,0.0,0.0,0.0,0.0
2,4,7,0,-5.0,56.0,8.0,1,1.0,0.0,0.0,41.0,0.0,0.0,0.0,0.0,0.0,0.0
2,4,4,0,-6.0,11.0,49.0,1,1.0,0.0,0.0,41.0,0.0,0.0,0.0,0.0,0.0,0.0
2,4,7,0,42.0,15.0,5.0,1,1.0,29.0,0.0,0.0,0.0,0.0,0.0,0.0,0.0,0.0
2,4,4,0,2.0,26.0,7.0,1,0.0,0.0,0.0,0.0,0.0,0.0,0.0,0.0,0.0,1.0
2,4,2,0,87.0,12.0,7.0,1,1.0,48.0,0.0,0.0,0.0,0.0,0.0,0.0,0.0,0.0
2,4,2,0,-9.0,31.0,11.0,1,0.0,0.0,0.0,0.0,0.0,0.0,0.0,3.0,0.0,2.0
2,4,7,1,46.0,27.0,10.0,1,1.0,4.0,0.0,5.0,0.0,42.0,0.0,0.0,0.0,0.0
2,4,6,1,-9.0,29.0,4.0,1,0.0,0.0,0.0,0.0,0.0,0.0,0.0,3.0,0.0,1.0
2,4,5,1,56.0,42.0,4.0,1,1.0,0.0,0.0,5.0,0.0,52.0,0.0,0.0,0.0,0.0
2,4,5,1,7.0,18.0,8.0,0,0.0,0.0,0.0,0.0,0.0,0.0,0.0,3.0,0.0,2.0
2,4,3,1,26.0,25.0,8.0,0,1.0,0.0,0.0,0.0,0.0,22.0,0.0,0.0,0.0,0.0
2,4,3,1,169.0,13.0,7.0,1,1.0,10.0,0.0,0.0,0.0,136.0,0.0,0.0,0.0,1.0
2,4,6,1,166.0,15.0,12.0,1,1.0,143.0,0.0,0.0,0.0,0.0,0.0,0.0,0.0,0.0
2,4,2,1,25.0,27.0,12.0,1,1.0,0.0,0.0,39.0,0.0,0.0,0.0,1.0,1.0,4.0
2,4,1,1,92.0,24.0,3.0,1,1.0,21.0,0.0,0.0,0.0,49.0,0.0,0.0,0.0,0.0
2,4,1,1,4.0,52.0,14.0,0,1.0,0.0,0.0,52.0,0.0,0.0,0.0,1.0,1.0,4.0
2,4,7,1,109.0,16.0,5.0,1,1.0,78.0,0.0,0.0,0.0,0.0,0.0,0.0,0.0,0.0
2,4,6,1,81.0,26.0,6.0,1,1.0,7.0,0.0,0.0,0.0,62.0,1.0,4.0,0.0,0.0
2,4,4,1,-6.0,63.0,5.0,1,1.0,0.0,0.0,26.0,0.0,0.0,0.0,0.0,0.0,0.0
2,4,4,1,130.0,12.0,5.0,0,1.0,8.0,0.0,0.0,0.0,101.0,0.0,4.0,0.0,0.0
2,4,3,1,2.0,32.0,10.0,0,1.0,0.0,0.0,21.0,0.0,0.0,0.0,0.0,0.0,0.0
2,4,3,1,24.0,27.0,7.0,0,1.0,13.0,0.0,0.0,0.0,8.0,0.0,4.0,0.0,0.0
2,4,1,1,27.0,14.0,6.0,0,0.0,0.0,0.0,0.0,0.0,0.0,0.0,0.0,0.0,0.0
2,4,1,1,28.0,16.0,7.0,1,0.0,0.0,0.0,0.0,0.0,0.0,1.0,4.0,0.0,0.0
2,4,7,1,36.0,21.0,4.0,1,0.0,0.0,0.0,0.0,0.0,0.0,0.0,0.0,0.0,0.0
2,4,7,1,27.0,17.0,7.0,0,0.0,0.0,0.0,0.0,0.0,0.0,0.0,4.0,0.0,0.0
2,4,6,1,22.0,15.0,7.0,1,0.0,0.0,0.0,0.0,0.0,0.0,0.0,0.0,0.0,0.0
2,4,7,1,1.0,41.0,5.0,1,0.0,0.0,0.0,0.0,0.0,0.0,0.0,4.0,0.0,0.0
2,4,4,1,20.0,18.0,6.0,1,0.0,0.0,0.0,0.0,0.0,0.0,0.0,0.0,0.0,0.0
2,5,4,1,-4.0,21.0,16.0,0,0.0,0.0,0.0,0.0,0.0,0.0,0.0,0.0,0.0,1.0
2,5,6,1,-10.0,19.0,7.0,0,0.0,0.0,0.0,0.0,0.0,0.0,0.0,0.0,0.0,0.0
2,5,7,1,-9.0,21.0,4.0,0,0.0,0.0,0.0,0.0,0.0,0.0,0.0,0.0,0.0,1.0
2,5,2,1,-4.0,27.0,3.0,0,1.0,0.0,0.0,27.0,0.0,0.0,0.0,0.0,0.0,0.0
2,5,4,1,23.0,23.0,10.0,0,1.0,23.0,0.0,16.0,0.0,0.0,0.0,0.0,0.0,1.0
2,5,7,1,19.0,19.0,5.0,0,0.0,0.0,0.0,0.0,0.0,0.0,0.0,0.0,0.0,0.0
2,5,1,1,34.0,16.0,4.0,0,1.0,0.0,0.0,1.0,0.0,28.0,0.0,0.0,0.0,1.0
2,5,2,1,5.0,26.0,6.0,0,1.0,0.0,0.0,15.0,0.0,5.0,0.0,0.0,0.0,0.0
2,5,5,1,-8.0,37.0,7.0,0,0.0,0.0,0.0,0.0,0.0,0.0,0.0,0.0,0.0,1.0
2,5,5,0,-6.0,20.0,4.0,1,1.0,0.0,0.0,20.0,0.0,0.0,0.0,0.0,0.0,0.0
2,5,6,0,-5.0,39.0,10.0,1,1.0,0.0,0.0,24.0,0.0,0.0,0.0,0.0,0.0,1.0
2,5,7,0,-9.0,35.0,4.0,1,0.0,0.0,0.0,0.0,0.0,0.0,0.0,0.0,0.0,0.0
2,5,1,0,-9.0,21.0,6.0,1,1.0,0.0,0.0,30.0,0.0,0.0,0.0,0.0,0.0,0.0
2,5,4,0,-5.0,41.0,7.0,1,0.0,0.0,0.0,0.0,0.0,0.0,0.0,0.0,0.0,0.0
2,5,5,0,-5.0,23.0,12.0,1,0.0,0.0,0.0,0.0,0.0,0.0,0.0,0.0,0.0,0.0
2,5,4,0,-3.0,34.0,8.0,1,0.0,0.0,0.0,0.0,0.0,0.0,0.0,0.0,0.0,0.0
2,5,5,0,-7.0,51.0,6.0,1,1.0,0.0,0.0,27.0,0.0,0.0,0.0,0.0,0.0,1.0
2,5,3,0,-5.0,32.0,7.0,1,0.0,0.0,0.0,0.0,0.0,0.0,0.0,0.0,0.0,0.0
2,5,1,0,-4.0,33.0,17.0,1,0.0,0.0,0.0,0.0,0.0,0.0,0.0,0.0,0.0,1.0
2,5,1,0,30.0,35.0,5.0,1,1.0,29.0,0.0,0.0,0.0,0.0,0.0,0.0,0.0,0.0
2,5,5,0,-3.0,22.0,7.0,1,0.0,0.0,0.0,0.0,0.0,0.0,0.0,0.0,0.0,1.0
2,5,1,0,-4.0,20.0,3.0,1,0.0,0.0,0.0,0.0,0.0,0.0,0.0,0.0,0.0,0.0
2,5,2,0,-3.0,25.0,7.0,1,0.0,0.0,0.0,0.0,0.0,0.0,0.0,0.0,0.0,0.0
2,5,1,0,0.0,33.0,10.0,1,0.0,0.0,0.0,0.0,0.0,0.0,0.0,0.0,0.0,0.0
2,5,5,0,-3.0,24.0,20.0,1,1.0,0.0,0.0,18.0,0.0,0.0,0.0,0.0,0.0,1.0
2,5,6,0,-2.0,33.0,5.0,1,1.0,0.0,0.0,27.0,0.0,0.0,0.0,0.0,0.0,0.0
2,5,1,0,32.0,18.0,8.0,1,1.0,23.0,0.0,0.0,0.0,0.0,0.0,0.0,0.0,1.0
2,5,3,0,-4.0,27.0,5.0,1,0.0,0.0,0.0,0.0,0.0,0.0,0.0,0.0,0.0,0.0
2,5,6,0,-5.0,31.0,7.0,1,0.0,0.0,0.0,0.0,0.0,0.0,0.0,0.0,0.0,0.0
2,5,1,0,54.0,25.0,9.0,1,1.0,43.0,0.0,0.0,0.0,0.0,0.0,0.0,0.0,0.0
2,5,5,0,60.0,51.0,9.0,1,1.0,0.0,0.0,17.0,0.0,60.0,0.0,0.0,0.0,0.0
2,5,6,0,-2.0,39.0,5.0,1,1.0,0.0,0.0,23.0,0.0,0.0,0.0,0.0,0.0,0.0
2,5,7,0,3.0,27.0,6.0,1,0.0,0.0,0.0,0.0,0.0,0.0,0.0,0.0,0.0,1.0
2,5,1,0,-4.0,28.0,4.0,1,0.0,0.0,0.0,0.0,0.0,0.0,0.0,0.0,0.0,0.0
2,5,3,0,-3.0,54.0,8.0,1,1.0,0.0,0.0,44.0,0.0,0.0,0.0,3.0,0.0,2.0
2,5,4,0,-3.0,35.0,6.0,1,0.0,0.0,0.0,0.0,0.0,0.0,0.0,0.0,0.0,0.0
2,5,5,0,-2.0,42.0,12.0,1,1.0,0.0,0.0,28.0,0.0,0.0,0.0,3.0,0.0,1.0
2,5,6,0,21.0,25.0,16.0,1,0.0,0.0,0.0,0.0,0.0,0.0,0.0,0.0,0.0,0.0
2,5,7,0,82.0,14.0,13.0,1,1.0,52.0,0.0,0.0,0.0,0.0,0.0,3.0,0.0,2.0
2,5,2,0,18.0,19.0,8.0,1,0.0,0.0,0.0,0.0,0.0,0.0,0.0,0.0,0.0,0.0
2,5,4,0,5.0,27.0,6.0,1,1.0,5.0,0.0,11.0,0.0,0.0,0.0,0.0,0.0,1.0
2,5,6,0,-5.0,24.0,7.0,1,0.0,0.0,0.0,0.0,0.0,0.0,0.0,0.0,0.0,0.0
2,5,7,0,38.0,13.0,6.0,1,0.0,0.0,0.0,0.0,0.0,0.0,0.0,1.0,1.0,4.0
2,5,1,0,22.0,24.0,14.0,1,1.0,0.0,0.0,30.0,0.0,0.0,0.0,0.0,0.0,0.0
2,5,2,0,4.0,16.0,6.0,1,0.0,0.0,0.0,0.0,0.0,0.0,0.0,1.0,1.0,4.0
2,5,3,0,24.0,17.0,8.0,1,1.0,0.0,0.0,0.0,0.0,16.0,0.0,0.0,0.0,0.0
2,5,4,0,29.0,21.0,183.0,1,1.0,1.0,0.0,165.0,0.0,28.0,1.0,4.0,0.0,0.0
2,5,5,0,123.0,17.0,11.0,1,1.0,21.0,0.0,0.0,0.0,79.0,0.0,0.0,0.0,0.0
2,5,6,0,25.0,11.0,3.0,1,1.0,7.0,0.0,1.0,0.0,18.0,0.0,4.0,0.0,0.0
2,5,1,0,19.0,23.0,9.0,1,0.0,0.0,0.0,0.0,0.0,0.0,0.0,0.0,0.0,0.0
2,5,2,0,-4.0,33.0,20.0,1,0.0,0.0,0.0,0.0,0.0,0.0,0.0,4.0,0.0,0.0
2,5,7,0,-1.0,14.0,4.0,0,0.0,0.0,0.0,0.0,0.0,0.0,0.0,0.0,0.0,0.0
2,5,3,0,-4.0,17.0,11.0,0,0.0,0.0,0.0,0.0,0.0,0.0,1.0,4.0,0.0,0.0
2,5,4,0,-5.0,41.0,13.0,0,1.0,0.0,0.0,27.0,0.0,0.0,0.0,0.0,0.0,0.0
2,5,3,0,3.0,33.0,3.0,1,0.0,0.0,0.0,0.0,0.0,0.0,0.0,4.0,0.0,0.0
2,5,1,1,166.0,20.0,7.0,1,1.0,0.0,0.0,6.0,0.0,137.0,0.0,0.0,0.0,0.0
2,5,7,1,37.0,25.0,10.0,1,1.0,7.0,0.0,1.0,0.0,30.0,0.0,4.0,0.0,0.0
2,5,5,1,55.0,25.0,9.0,0,1.0,55.0,0.0,1.0,0.0,0.0,0.0,0.0,0.0,0.0
2,5,4,1,33.0,16.0,8.0,0,1.0,5.0,0.0,0.0,0.0,10.0,1.0,4.0,0.0,0.0
2,5,5,1,138.0,20.0,4.0,1,1.0,0.0,0.0,0.0,0.0,117.0,0.0,0.0,0.0,0.0
2,5,4,1,80.0,43.0,40.0,1,1.0,0.0,0.0,49.0,0.0,80.0,0.0,4.0,0.0,0.0
2,5,3,1,9.0,36.0,12.0,0,1.0,9.0,0.0,45.0,0.0,0.0,0.0,0.0,0.0,0.0
2,5,2,1,-3.0,27.0,4.0,1,0.0,0.0,0.0,0.0,0.0,0.0,0.0,4.0,0.0,0.0
2,5,2,1,107.0,16.0,5.0,1,1.0,10.0,0.0,0.0,0.0,83.0,0.0,0.0,0.0,0.0
2,5,2,1,-3.0,29.0,5.0,0,0.0,0.0,0.0,0.0,0.0,0.0,0.0,4.0,0.0,0.0
2,5,1,1,-3.0,24.0,5.0,1,0.0,0.0,0.0,0.0,0.0,0.0,0.0,0.0,0.0,0.0
2,5,1,1,8.0,16.0,5.0,0,0.0,0.0,0.0,0.0,0.0,0.0,0.0,4.0,0.0,0.0
2,5,7,1,-1.0,22.0,6.0,0,0.0,0.0,0.0,0.0,0.0,0.0,0.0,0.0,0.0,0.0
2,5,6,1,12.0,17.0,10.0,0,1.0,12.0,0.0,16.0,0.0,0.0,1.0,3.0,0.0,2.0
2,5,1,1,-1.0,29.0,10.0,1,0.0,0.0,0.0,0.0,0.0,0.0,0.0,0.0,0.0,0.0
2,5,1,1,59.0,16.0,9.0,0,1.0,10.0,0.0,0.0,0.0,36.0,1.0,3.0,0.0,2.0
2,5,7,1,65.0,22.0,11.0,1,1.0,9.0,0.0,0.0,0.0,42.0,0.0,0.0,0.0,0.0
2,5,7,1,78.0,13.0,10.0,0,1.0,3.0,0.0,0.0,0.0,69.0,0.0,3.0,0.0,2.0
2,5,5,1,3.0,27.0,10.0,0,1.0,0.0,0.0,15.0,0.0,0.0,0.0,0.0,0.0,0.0
2,5,5,1,14.0,55.0,5.0,1,1.0,0.0,0.0,38.0,0.0,0.0,1.0,2.0,0.0,2.0
2,5,4,1,107.0,48.0,5.0,1,1.0,10.0,0.0,34.0,0.0,97.0,0.0,0.0,0.0,0.0
2,5,4,1,-2.0,39.0,12.0,0,1.0,0.0,0.0,39.0,0.0,0.0,1.0,2.0,0.0,3.0
2,5,3,1,25.0,13.0,10.0,0,0.0,0.0,0.0,0.0,0.0,0.0,0.0,0.0,0.0,0.0
2,5,4,1,10.0,20.0,5.0,1,0.0,0.0,0.0,0.0,0.0,0.0,0.0,2.0,1.0,4.0
2,5,4,1,2.0,25.0,8.0,0,1.0,0.0,0.0,15.0,0.0,0.0,0.0,0.0,0.0,0.0
2,5,2,1,0.0,35.0,4.0,1,0.0,0.0,0.0,0.0,0.0,0.0,0.0,2.0,1.0,4.0
2,5,2,1,41.0,18.0,7.0,0,1.0,30.0,0.0,0.0,0.0,0.0,0.0,0.0,0.0,0.0
2,6,5,1,10.0,44.0,5.0,0,1.0,10.0,0.0,26.0,0.0,0.0,0.0,0.0,0.0,1.0
2,6,5,0,99.0,24.0,7.0,1,1.0,15.0,0.0,0.0,0.0,82.0,0.0,0.0,0.0,0.0
2,6,3,1,7.0,38.0,8.0,0,0.0,0.0,0.0,0.0,0.0,0.0,0.0,0.0,0.0,1.0
2,6,3,0,94.0,50.0,5.0,1,1.0,54.0,0.0,6.0,0.0,40.0,0.0,0.0,0.0,0.0
2,6,2,0,57.0,27.0,5.0,1,1.0,1.0,0.0,0.0,0.0,46.0,0.0,0.0,0.0,1.0
2,6,4,0,-5.0,27.0,8.0,1,0.0,0.0,0.0,0.0,0.0,0.0,0.0,0.0,0.0,0.0
2,6,3,0,11.0,68.0,9.0,1,1.0,0.0,0.0,54.0,0.0,0.0,0.0,0.0,0.0,1.0
2,6,2,0,-1.0,104.0,5.0,1,1.0,0.0,0.0,85.0,0.0,0.0,0.0,0.0,0.0,0.0
2,6,1,1,-4.0,44.0,4.0,0,0.0,0.0,0.0,0.0,0.0,0.0,0.0,0.0,0.0,1.0
2,6,4,0,-6.0,24.0,12.0,0,0.0,0.0,0.0,0.0,0.0,0.0,0.0,0.0,0.0,0.0
2,6,5,0,17.0,15.0,16.0,0,0.0,0.0,0.0,0.0,0.0,0.0,0.0,0.0,0.0,1.0
2,6,6,0,7.0,19.0,11.0,0,0.0,0.0,0.0,0.0,0.0,0.0,0.0,0.0,0.0,0.0
2,6,5,0,-7.0,37.0,6.0,1,1.0,0.0,0.0,29.0,0.0,0.0,0.0,0.0,0.0,0.0
2,6,7,0,-9.0,25.0,19.0,1,0.0,0.0,0.0,0.0,0.0,0.0,0.0,0.0,0.0,0.0
2,6,2,0,2.0,29.0,8.0,1,0.0,0.0,0.0,0.0,0.0,0.0,0.0,0.0,0.0,0.0
2,6,3,0,-6.0,24.0,17.0,1,0.0,0.0,0.0,0.0,0.0,0.0,0.0,0.0,0.0,0.0
2,6,2,0,-5.0,40.0,8.0,1,0.0,0.0,0.0,0.0,0.0,0.0,0.0,0.0,0.0,1.0
2,6,3,0,-6.0,23.0,18.0,1,1.0,0.0,0.0,17.0,0.0,0.0,0.0,0.0,0.0,0.0
2,6,5,0,29.0,19.0,12.0,1,1.0,20.0,0.0,0.0,0.0,0.0,0.0,0.0,0.0,1.0
2,6,6,0,18.0,18.0,11.0,1,1.0,15.0,0.0,0.0,0.0,0.0,0.0,0.0,0.0,0.0
2,6,7,0,71.0,27.0,9.0,1,1.0,71.0,0.0,39.0,0.0,0.0,0.0,0.0,0.0,1.0
2,6,5,0,62.0,23.0,7.0,1,1.0,61.0,0.0,0.0,0.0,0.0,0.0,0.0,0.0,0.0
2,6,5,0,-13.0,34.0,3.0,1,0.0,0.0,0.0,0.0,0.0,0.0,0.0,0.0,0.0,0.0
2,6,6,0,56.0,18.0,6.0,1,1.0,14.0,0.0,0.0,0.0,29.0,0.0,0.0,0.0,0.0
2,6,1,0,5.0,53.0,4.0,1,1.0,5.0,0.0,19.0,0.0,0.0,0.0,0.0,0.0,1.0
2,6,2,0,-4.0,23.0,15.0,1,0.0,0.0,0.0,0.0,0.0,0.0,0.0,0.0,0.0,0.0
2,6,3,0,-8.0,23.0,9.0,1,0.0,0.0,0.0,0.0,0.0,0.0,0.0,0.0,0.0,1.0
2,6,4,0,24.0,17.0,9.0,1,1.0,2.0,0.0,2.0,0.0,22.0,0.0,0.0,0.0,0.0
2,6,5,0,67.0,12.0,3.0,1,1.0,0.0,0.0,0.0,0.0,38.0,0.0,0.0,0.0,0.0
2,6,7,0,-5.0,36.0,4.0,1,0.0,0.0,0.0,0.0,0.0,0.0,0.0,0.0,0.0,0.0
2,6,2,0,0.0,27.0,7.0,1,0.0,0.0,0.0,0.0,0.0,0.0,0.0,0.0,0.0,0.0
2,6,3,0,27.0,27.0,29.0,1,1.0,27.0,0.0,35.0,0.0,0.0,0.0,0.0,0.0,0.0
2,6,4,0,18.0,24.0,14.0,1,1.0,18.0,0.0,10.0,0.0,0.0,0.0,0.0,0.0,1.0
2,6,5,0,-7.0,30.0,18.0,1,0.0,0.0,0.0,0.0,0.0,0.0,0.0,0.0,0.0,0.0
2,6,7,0,26.0,15.0,3.0,1,1.0,0.0,0.0,34.0,0.0,0.0,0.0,3.0,0.0,2.0
2,6,2,0,-4.0,26.0,20.0,1,0.0,0.0,0.0,0.0,0.0,0.0,0.0,0.0,0.0,0.0
2,6,3,0,16.0,25.0,28.0,1,1.0,16.0,0.0,14.0,0.0,0.0,0.0,3.0,0.0,1.0
2,6,7,0,27.0,38.0,5.0,1,1.0,0.0,0.0,4.0,0.0,27.0,0.0,0.0,0.0,0.0
2,6,1,0,25.0,25.0,4.0,1,0.0,0.0,0.0,0.0,0.0,0.0,0.0,3.0,0.0,2.0
2,6,2,0,51.0,19.0,7.0,1,1.0,5.0,0.0,0.0,0.0,38.0,0.0,0.0,0.0,0.0
2,6,3,0,43.0,15.0,5.0,1,1.0,0.0,0.0,0.0,0.0,31.0,0.0,0.0,0.0,1.0
2,6,5,0,123.0,27.0,19.0,1,1.0,0.0,0.0,51.0,0.0,86.0,0.0,0.0,0.0,0.0
2,6,4,0,-12.0,18.0,27.0,1,0.0,0.0,0.0,0.0,0.0,0.0,0.0,1.0,1.0,4.0
2,6,5,0,1.0,27.0,12.0,1,1.0,1.0,0.0,25.0,0.0,0.0,0.0,0.0,0.0,0.0
2,6,7,0,24.0,17.0,9.0,1,1.0,24.0,0.0,1.0,0.0,0.0,0.0,1.0,1.0,4.0
2,6,2,0,-7.0,26.0,7.0,1,0.0,0.0,0.0,0.0,0.0,0.0,0.0,0.0,0.0,0.0
2,6,4,0,-6.0,25.0,8.0,1,0.0,0.0,0.0,0.0,0.0,0.0,1.0,4.0,0.0,0.0
2,6,6,0,-2.0,42.0,9.0,1,1.0,0.0,0.0,15.0,0.0,0.0,0.0,0.0,0.0,0.0
2,6,1,0,-4.0,34.0,5.0,1,1.0,0.0,0.0,20.0,0.0,0.0,0.0,4.0,0.0,0.0
2,6,5,0,-3.0,36.0,10.0,1,0.0,0.0,0.0,0.0,0.0,0.0,0.0,0.0,0.0,0.0
2,6,3,0,-4.0,39.0,7.0,1,0.0,0.0,0.0,0.0,0.0,0.0,0.0,4.0,0.0,0.0
2,6,4,0,-2.0,31.0,7.0,1,0.0,0.0,0.0,0.0,0.0,0.0,0.0,0.0,0.0,0.0
2,6,5,0,-3.0,29.0,12.0,1,1.0,0.0,0.0,25.0,0.0,0.0,1.0,4.0,0.0,0.0
2,6,7,0,31.0,25.0,5.0,1,1.0,26.0,0.0,0.0,0.0,0.0,0.0,0.0,0.0,0.0
2,6,2,0,14.0,40.0,4.0,1,1.0,14.0,0.0,15.0,0.0,0.0,0.0,4.0,0.0,0.0
2,6,3,0,-1.0,46.0,5.0,1,1.0,0.0,0.0,36.0,0.0,0.0,0.0,0.0,0.0,0.0
2,6,4,0,11.0,54.0,6.0,1,1.0,11.0,0.0,17.0,0.0,0.0,0.0,4.0,0.0,0.0
2,6,4,1,-7.0,33.0,5.0,0,0.0,0.0,0.0,0.0,0.0,0.0,0.0,0.0,0.0,0.0
2,6,7,1,71.0,16.0,3.0,0,1.0,49.0,0.0,0.0,0.0,0.0,1.0,4.0,0.0,0.0
2,6,2,1,-4.0,25.0,11.0,0,0.0,0.0,0.0,0.0,0.0,0.0,0.0,0.0,0.0,0.0
2,6,3,1,4.0,16.0,9.0,0,0.0,0.0,0.0,0.0,0.0,0.0,0.0,4.0,0.0,0.0
2,6,4,1,3.0,22.0,6.0,0,0.0,0.0,0.0,0.0,0.0,0.0,0.0,0.0,0.0,0.0
2,6,6,1,24.0,21.0,13.0,0,1.0,19.0,0.0,0.0,0.0,0.0,0.0,4.0,0.0,0.0
2,6,7,1,19.0,35.0,3.0,0,1.0,0.0,0.0,12.0,0.0,19.0,0.0,0.0,0.0,0.0
2,6,1,1,0.0,30.0,3.0,0,0.0,0.0,0.0,0.0,0.0,0.0,0.0,4.0,0.0,0.0
2,6,2,1,-1.0,38.0,14.0,0,1.0,0.0,0.0,22.0,0.0,0.0,0.0,0.0,0.0,0.0
2,6,5,1,-3.0,52.0,6.0,0,1.0,0.0,0.0,35.0,0.0,0.0,0.0,4.0,0.0,0.0
2,6,4,1,7.0,41.0,7.0,0,1.0,7.0,0.0,23.0,0.0,0.0,0.0,0.0,0.0,0.0
2,6,5,1,-1.0,20.0,8.0,0,1.0,0.0,0.0,21.0,0.0,0.0,1.0,3.0,0.0,2.0
2,6,7,1,11.0,42.0,6.0,0,1.0,3.0,0.0,7.0,0.0,8.0,0.0,0.0,0.0,0.0
2,6,1,1,2.0,32.0,6.0,0,0.0,0.0,0.0,0.0,0.0,0.0,1.0,3.0,0.0,2.0
2,6,2,1,6.0,25.0,3.0,0,1.0,0.0,0.0,11.0,0.0,6.0,0.0,0.0,0.0,0.0
2,6,4,1,-4.0,22.0,7.0,0,0.0,0.0,0.0,0.0,0.0,0.0,0.0,3.0,0.0,2.0
2,6,5,1,67.0,32.0,5.0,0,1.0,20.0,0.0,12.0,0.0,47.0,0.0,0.0,0.0,0.0
2,6,5,1,4.0,38.0,7.0,0,1.0,0.0,0.0,47.0,0.0,0.0,1.0,2.0,0.0,2.0
2,6,5,0,72.0,45.0,8.0,1,1.0,0.0,0.0,93.0,0.0,0.0,0.0,0.0,0.0,0.0
2,6,7,1,49.0,34.0,5.0,0,1.0,4.0,0.0,0.0,0.0,42.0,1.0,2.0,0.0,3.0
2,6,7,1,20.0,27.0,8.0,1,1.0,0.0,0.0,24.0,0.0,0.0,0.0,0.0,0.0,0.0
2,6,5,1,21.0,32.0,8.0,0,1.0,20.0,0.0,0.0,0.0,0.0,0.0,2.0,1.0,4.0
2,6,5,0,65.0,17.0,9.0,1,1.0,0.0,0.0,1.0,0.0,43.0,0.0,0.0,0.0,0.0
2,6,4,1,51.0,25.0,4.0,0,1.0,38.0,0.0,0.0,0.0,0.0,0.0,2.0,1.0,4.0
2,6,4,0,205.0,52.0,7.0,1,1.0,130.0,0.0,16.0,0.0,75.0,0.0,0.0,0.0,0.0
2,6,4,1,45.0,24.0,11.0,0,1.0,12.0,0.0,0.0,0.0,25.0,1.0,2.0,1.0,3.0
2,6,4,0,-7.0,51.0,8.0,1,1.0,0.0,0.0,40.0,0.0,0.0,0.0,0.0,0.0,0.0
2,6,3,0,256.0,17.0,10.0,1,1.0,5.0,0.0,0.0,0.0,231.0,1.0,3.0,0.0,1.0
2,6,2,0,-5.0,31.0,7.0,1,0.0,0.0,0.0,0.0,0.0,0.0,0.0,0.0,0.0,0.0
2,6,1,1,31.0,25.0,4.0,0,1.0,7.0,0.0,0.0,0.0,12.0,0.0,3.0,0.0,1.0
2,6,2,1,24.0,23.0,7.0,0,1.0,24.0,0.0,0.0,0.0,0.0,0.0,0.0,0.0,0.0
2,6,1,1,30.0,36.0,11.0,1,1.0,30.0,0.0,6.0,0.0,0.0,0.0,4.0,0.0,1.0
2,6,1,1,-7.0,25.0,9.0,0,0.0,0.0,0.0,0.0,0.0,0.0,0.0,0.0,0.0,0.0
2,6,7,1,41.0,13.0,7.0,1,1.0,0.0,0.0,0.0,0.0,27.0,0.0,4.0,0.0,1.0
2,6,7,1,24.0,17.0,8.0,1,1.0,24.0,0.0,5.0,0.0,0.0,0.0,0.0,0.0,0.0
2,6,5,1,25.0,39.0,8.0,0,1.0,25.0,0.0,18.0,0.0,0.0,0.0,3.0,0.0,1.0
2,6,5,0,1.0,44.0,15.0,1,1.0,0.0,0.0,16.0,0.0,0.0,0.0,0.0,0.0,0.0
2,6,4,1,-1.0,55.0,8.0,0,1.0,0.0,0.0,26.0,0.0,0.0,0.0,3.0,0.0,1.0
2,6,6,1,28.0,15.0,6.0,0,0.0,0.0,0.0,0.0,0.0,0.0,0.0,0.0,0.0,0.0
2,6,5,1,20.0,17.0,7.0,1,1.0,7.0,0.0,4.0,0.0,13.0,1.0,3.0,1.0,1.0
2,6,4,1,11.0,24.0,11.0,1,1.0,11.0,0.0,4.0,0.0,0.0,0.0,0.0,0.0,0.0
2,6,4,1,4.0,38.0,5.0,0,0.0,0.0,0.0,0.0,0.0,0.0,0.0,4.0,0.0,1.0
3,7,6,0,-3.0,30.0,6.0,1,0.0,0.0,0.0,0.0,0.0,0.0,0.0,0.0,0.0,1.0
3,7,7,0,5.0,21.0,6.0,1,0.0,0.0,0.0,0.0,0.0,0.0,0.0,0.0,0.0,0.0
3,7,3,0,-2.0,42.0,6.0,1,1.0,0.0,0.0,27.0,0.0,0.0,0.0,0.0,0.0,1.0
3,7,5,0,-7.0,24.0,4.0,1,0.0,0.0,0.0,0.0,0.0,0.0,0.0,0.0,0.0,0.0
3,7,6,0,-2.0,31.0,8.0,1,1.0,0.0,0.0,15.0,0.0,0.0,0.0,0.0,0.0,1.0
3,7,7,0,-5.0,38.0,3.0,1,0.0,0.0,0.0,0.0,0.0,0.0,0.0,0.0,0.0,0.0
3,7,1,0,-6.0,26.0,8.0,1,1.0,0.0,0.0,50.0,0.0,0.0,0.0,0.0,0.0,1.0
3,7,3,0,-4.0,23.0,4.0,1,0.0,0.0,0.0,0.0,0.0,0.0,0.0,0.0,0.0,0.0
3,7,4,0,-5.0,14.0,5.0,1,0.0,0.0,0.0,0.0,0.0,0.0,0.0,0.0,0.0,1.0
3,7,5,0,-5.0,20.0,10.0,1,0.0,0.0,0.0,0.0,0.0,0.0,0.0,0.0,0.0,0.0
3,7,1,0,-7.0,31.0,5.0,1,1.0,0.0,0.0,36.0,0.0,0.0,0.0,0.0,0.0,1.0
3,7,3,0,-7.0,64.0,8.0,1,1.0,0.0,0.0,34.0,0.0,0.0,0.0,0.0,0.0,0.0
3,7,5,0,-5.0,22.0,6.0,1,0.0,0.0,0.0,0.0,0.0,0.0,0.0,0.0,0.0,0.0
3,7,6,0,-1.0,16.0,9.0,1,0.0,0.0,0.0,0.0,0.0,0.0,0.0,0.0,0.0,0.0
3,7,7,0,11.0,20.0,6.0,1,0.0,0.0,0.0,0.0,0.0,0.0,0.0,0.0,0.0,0.0
3,7,2,0,2.0,42.0,6.0,1,1.0,2.0,0.0,17.0,0.0,0.0,0.0,0.0,0.0,0.0
3,7,3,0,-7.0,31.0,9.0,1,0.0,0.0,0.0,0.0,0.0,0.0,0.0,0.0,0.0,1.0
3,7,7,0,-3.0,27.0,19.0,1,0.0,0.0,0.0,0.0,0.0,0.0,0.0,0.0,0.0,0.0
3,7,3,1,16.0,31.0,10.0,0,1.0,0.0,0.0,18.0,0.0,16.0,0.0,0.0,0.0,1.0
3,7,5,1,27.0,19.0,6.0,0,1.0,0.0,0.0,0.0,0.0,21.0,0.0,0.0,0.0,0.0
3,7,7,1,28.0,24.0,7.0,0,1.0,28.0,0.0,10.0,0.0,0.0,0.0,0.0,0.0,1.0
3,7,2,1,-4.0,34.0,3.0,0,1.0,0.0,0.0,23.0,0.0,0.0,0.0,0.0,0.0,0.0
3,7,3,1,30.0,37.0,5.0,0,1.0,0.0,0.0,6.0,0.0,30.0,0.0,0.0,0.0,0.0
3,7,6,1,5.0,26.0,14.0,0,1.0,5.0,0.0,21.0,0.0,0.0,0.0,0.0,0.0,0.0
3,7,7,1,7.0,33.0,8.0,0,1.0,7.0,0.0,20.0,0.0,0.0,0.0,0.0,0.0,1.0
3,7,1,1,-4.0,22.0,4.0,0,1.0,0.0,0.0,22.0,0.0,0.0,0.0,0.0,0.0,0.0
3,7,4,1,1.0,17.0,4.0,0,0.0,0.0,0.0,0.0,0.0,0.0,0.0,0.0,0.0,1.0
3,7,5,1,-4.0,32.0,6.0,0,1.0,0.0,0.0,16.0,0.0,0.0,0.0,0.0,0.0,0.0
3,7,7,1,15.0,36.0,9.0,0,1.0,0.0,0.0,21.0,0.0,0.0,0.0,0.0,0.0,0.0
3,7,1,1,28.0,43.0,14.0,0,1.0,0.0,0.0,18.0,0.0,27.0,0.0,0.0,0.0,0.0
3,7,2,1,6.0,25.0,7.0,0,1.0,0.0,0.0,12.0,0.0,6.0,0.0,0.0,0.0,0.0
3,7,7,1,16.0,39.0,3.0,0,1.0,0.0,0.0,15.0,0.0,16.0,0.0,0.0,0.0,0.0
3,7,1,1,-7.0,35.0,7.0,0,0.0,0.0,0.0,0.0,0.0,0.0,0.0,0.0,0.0,1.0
3,7,6,0,-4.0,22.0,8.0,1,0.0,0.0,0.0,0.0,0.0,0.0,0.0,0.0,0.0,0.0
3,7,1,0,-6.0,32.0,6.0,1,0.0,0.0,0.0,0.0,0.0,0.0,0.0,3.0,0.0,2.0
3,7,5,0,-5.0,29.0,11.0,1,0.0,0.0,0.0,0.0,0.0,0.0,0.0,0.0,0.0,0.0
3,7,7,0,-4.0,24.0,12.0,1,0.0,0.0,0.0,0.0,0.0,0.0,0.0,3.0,0.0,1.0
3,7,1,0,-4.0,27.0,16.0,1,1.0,0.0,0.0,39.0,0.0,0.0,0.0,0.0,0.0,0.0
3,7,2,0,20.0,18.0,6.0,1,1.0,20.0,0.0,16.0,0.0,0.0,0.0,3.0,0.0,2.0
3,7,3,0,86.0,21.0,7.0,1,1.0,86.0,0.0,14.0,0.0,0.0,0.0,0.0,0.0,0.0
3,7,4,0,35.0,19.0,12.0,1,1.0,0.0,0.0,57.0,0.0,0.0,0.0,0.0,0.0,1.0
3,7,5,0,-7.0,15.0,7.0,1,1.0,0.0,0.0,15.0,0.0,0.0,0.0,0.0,0.0,0.0
3,7,7,0,-6.0,16.0,13.0,1,0.0,0.0,0.0,0.0,0.0,0.0,0.0,1.0,1.0,4.0
3,7,1,0,-2.0,51.0,7.0,1,1.0,0.0,0.0,64.0,0.0,0.0,0.0,0.0,0.0,0.0
3,7,2,0,9.0,32.0,5.0,1,1.0,9.0,0.0,22.0,0.0,0.0,0.0,1.0,1.0,4.0
3,7,4,0,6.0,31.0,9.0,1,1.0,6.0,0.0,18.0,0.0,0.0,0.0,0.0,0.0,0.0
3,7,5,0,-1.0,16.0,6.0,1,1.0,0.0,0.0,31.0,0.0,0.0,1.0,4.0,0.0,0.0
3,7,6,0,26.0,32.0,7.0,1,1.0,26.0,0.0,20.0,0.0,0.0,0.0,0.0,0.0,0.0
3,7,3,0,-5.0,27.0,11.0,1,0.0,0.0,0.0,0.0,0.0,0.0,0.0,4.0,0.0,0.0
3,7,1,0,29.0,34.0,4.0,1,1.0,29.0,0.0,9.0,0.0,0.0,0.0,0.0,0.0,0.0
3,7,6,0,-4.0,18.0,19.0,1,1.0,0.0,0.0,16.0,0.0,0.0,0.0,4.0,0.0,0.0
3,7,7,0,-4.0,35.0,5.0,1,0.0,0.0,0.0,0.0,0.0,0.0,0.0,0.0,0.0,0.0
3,7,2,0,37.0,24.0,30.0,1,1.0,37.0,0.0,31.0,0.0,0.0,1.0,4.0,0.0,0.0
3,7,3,0,31.0,26.0,9.0,1,1.0,0.0,0.0,4.0,0.0,31.0,0.0,0.0,0.0,0.0
3,7,4,0,85.0,15.0,7.0,1,1.0,3.0,0.0,0.0,0.0,66.0,0.0,4.0,0.0,0.0
3,7,6,0,-2.0,28.0,7.0,1,0.0,0.0,0.0,0.0,0.0,0.0,0.0,0.0,0.0,0.0
3,7,1,0,-4.0,26.0,5.0,1,0.0,0.0,0.0,0.0,0.0,0.0,0.0,4.0,0.0,0.0
3,7,2,0,-7.0,39.0,4.0,1,1.0,0.0,0.0,18.0,0.0,0.0,0.0,0.0,0.0,0.0
3,7,3,0,-2.0,36.0,3.0,1,1.0,0.0,0.0,22.0,0.0,0.0,1.0,4.0,0.0,0.0
3,7,4,0,41.0,49.0,4.0,1,1.0,0.0,0.0,61.0,0.0,25.0,0.0,0.0,0.0,0.0
3,7,5,0,19.0,38.0,8.0,1,1.0,5.0,0.0,6.0,0.0,14.0,0.0,4.0,0.0,0.0
3,7,1,0,-2.0,22.0,17.0,1,1.0,0.0,0.0,19.0,0.0,0.0,0.0,0.0,0.0,0.0
3,7,2,0,-2.0,16.0,7.0,1,0.0,0.0,0.0,0.0,0.0,0.0,0.0,4.0,0.0,0.0
3,7,4,0,48.0,38.0,3.0,1,1.0,0.0,0.0,12.0,0.0,48.0,0.0,0.0,0.0,0.0
3,7,5,0,18.0,29.0,4.0,1,1.0,18.0,0.0,1.0,0.0,0.0,0.0,4.0,0.0,0.0
3,7,6,0,13.0,21.0,5.0,1,0.0,0.0,0.0,0.0,0.0,0.0,0.0,0.0,0.0,0.0
3,7,7,0,24.0,52.0,19.0,1,1.0,0.0,0.0,70.0,0.0,0.0,0.0,4.0,0.0,0.0
3,7,1,0,4.0,34.0,6.0,1,0.0,0.0,0.0,0.0,0.0,0.0,0.0,0.0,0.0,0.0
3,7,2,0,41.0,31.0,8.0,1,1.0,0.0,0.0,12.0,0.0,41.0,1.0,3.0,0.0,2.0
3,7,3,0,10.0,33.0,14.0,1,1.0,0.0,0.0,18.0,0.0,10.0,0.0,0.0,0.0,0.0
3,7,5,0,39.0,67.0,9.0,1,1.0,0.0,0.0,80.0,0.0,0.0,1.0,3.0,0.0,2.0
3,7,6,0,-3.0,33.0,8.0,1,1.0,0.0,0.0,19.0,0.0,0.0,0.0,0.0,0.0,0.0
3,7,7,0,24.0,27.0,18.0,1,1.0,0.0,0.0,14.0,0.0,24.0,0.0,3.0,0.0,2.0
3,7,1,0,103.0,28.0,4.0,1,1.0,0.0,0.0,0.0,57.0,46.0,0.0,0.0,0.0,0.0
3,7,6,0,10.0,23.0,8.0,0,0.0,0.0,0.0,0.0,0.0,0.0,1.0,2.0,0.0,2.0
3,7,7,0,-7.0,35.0,4.0,0,0.0,0.0,0.0,0.0,0.0,0.0,0.0,0.0,0.0,0.0
3,7,3,0,-12.0,20.0,19.0,0,0.0,0.0,0.0,0.0,0.0,0.0,1.0,2.0,0.0,3.0
3,7,7,0,16.0,12.0,3.0,0,0.0,0.0,0.0,0.0,0.0,0.0,0.0,0.0,0.0,0.0
3,7,2,0,-8.0,20.0,3.0,0,0.0,0.0,0.0,0.0,0.0,0.0,0.0,2.0,1.0,4.0
3,7,4,0,-6.0,11.0,25.0,0,0.0,0.0,0.0,0.0,0.0,0.0,0.0,0.0,0.0,0.0
3,7,5,0,9.0,22.0,20.0,0,1.0,0.0,0.0,26.0,0.0,9.0,0.0,2.0,1.0,4.0
3,7,6,0,-3.0,19.0,9.0,0,0.0,0.0,0.0,0.0,0.0,0.0,0.0,0.0,0.0,0.0
3,7,6,0,112.0,14.0,4.0,0,1.0,0.0,0.0,0.0,0.0,99.0,1.0,2.0,1.0,3.0
3,7,1,1,2.0,60.0,8.0,0,1.0,0.0,0.0,36.0,0.0,0.0,0.0,0.0,0.0,0.0
3,7,1,0,32.0,26.0,7.0,1,1.0,0.0,0.0,0.0,0.0,24.0,1.0,3.0,0.0,1.0
3,7,7,1,23.0,44.0,3.0,0,1.0,0.0,0.0,29.0,0.0,0.0,0.0,0.0,0.0,0.0
3,7,7,1,5.0,44.0,6.0,1,0.0,0.0,0.0,0.0,0.0,0.0,0.0,3.0,0.0,1.0
3,7,5,0,86.0,36.0,12.0,1,1.0,0.0,0.0,93.0,0.0,0.0,0.0,0.0,0.0,0.0
3,7,7,1,-2.0,39.0,6.0,1,0.0,0.0,0.0,0.0,0.0,0.0,0.0,4.0,0.0,1.0
3,7,6,1,13.0,34.0,12.0,0,1.0,0.0,0.0,24.0,0.0,0.0,0.0,0.0,0.0,0.0
3,7,5,1,100.0,11.0,8.0,0,1.0,24.0,0.0,0.0,0.0,56.0,0.0,4.0,0.0,1.0
3,7,5,0,75.0,23.0,9.0,1,1.0,0.0,0.0,15.0,0.0,49.0,0.0,0.0,0.0,0.0
3,7,4,1,-3.0,37.0,8.0,0,0.0,0.0,0.0,0.0,0.0,0.0,0.0,3.0,0.0,1.0
3,7,4,0,93.0,48.0,12.0,1,1.0,0.0,0.0,134.0,0.0,0.0,0.0,0.0,0.0,0.0
3,7,3,1,12.0,37.0,5.0,0,1.0,12.0,0.0,24.0,0.0,0.0,0.0,3.0,0.0,1.0
3,7,6,1,6.0,34.0,6.0,0,0.0,0.0,0.0,0.0,0.0,0.0,0.0,0.0,0.0,0.0
3,7,5,1,-2.0,32.0,4.0,0,0.0,0.0,0.0,0.0,0.0,0.0,1.0,3.0,1.0,1.0
3,7,5,0,-2.0,32.0,6.0,1,1.0,0.0,0.0,17.0,0.0,0.0,0.0,0.0,0.0,0.0
3,7,4,1,14.0,37.0,4.0,0,1.0,14.0,0.0,13.0,0.0,0.0,0.0,4.0,0.0,1.0
3,7,3,1,-3.0,55.0,7.0,0,1.0,0.0,0.0,30.0,0.0,0.0,0.0,0.0,0.0,0.0
3,7,7,1,0.0,37.0,8.0,0,0.0,0.0,0.0,0.0,0.0,0.0,0.0,3.0,0.0,1.0
3,7,7,1,36.0,31.0,13.0,1,1.0,0.0,0.0,2.0,0.0,25.0,0.0,0.0,0.0,0.0
3,7,6,1,38.0,16.0,5.0,0,0.0,0.0,0.0,0.0,0.0,0.0,0.0,3.0,0.0,1.0
3,7,5,1,-3.0,46.0,7.0,0,1.0,0.0,0.0,28.0,0.0,0.0,0.0,0.0,0.0,0.0
3,7,5,0,11.0,32.0,5.0,1,0.0,0.0,0.0,0.0,0.0,0.0,0.0,0.0,0.0,1.0
3,7,4,1,57.0,16.0,4.0,0,1.0,47.0,0.0,0.0,0.0,0.0,0.0,0.0,0.0,0.0
3,7,4,0,-3.0,41.0,8.0,1,0.0,0.0,0.0,0.0,0.0,0.0,0.0,3.0,0.0,2.0
3,7,3,0,-8.0,48.0,6.0,1,0.0,0.0,0.0,0.0,0.0,0.0,0.0,0.0,0.0,0.0
3,7,2,1,63.0,19.0,7.0,0,1.0,8.0,0.0,0.0,0.0,55.0,0.0,3.0,0.0,2.0
3,7,2,0,20.0,25.0,7.0,1,1.0,20.0,0.0,29.0,0.0,0.0,0.0,0.0,0.0,0.0
3,7,1,0,3.0,26.0,9.0,1,0.0,0.0,0.0,0.0,0.0,0.0,0.0,0.0,0.0,1.0
3,7,4,0,88.0,18.0,14.0,1,1.0,0.0,0.0,2.0,0.0,74.0,0.0,0.0,0.0,0.0
3,7,3,0,32.0,20.0,8.0,1,1.0,0.0,0.0,0.0,0.0,24.0,0.0,3.0,0.0,2.0
3,7,2,1,-8.0,28.0,7.0,0,0.0,0.0,0.0,0.0,0.0,0.0,0.0,0.0,0.0,0.0
3,7,1,1,0.0,35.0,7.0,0,0.0,0.0,0.0,0.0,0.0,0.0,0.0,3.0,0.0,2.0
3,7,1,0,6.0,37.0,6.0,1,1.0,6.0,0.0,21.0,0.0,0.0,0.0,0.0,0.0,0.0
3,7,3,1,7.0,65.0,6.0,0,1.0,0.0,0.0,49.0,0.0,0.0,0.0,0.0,0.0,1.0
3,7,3,0,-6.0,33.0,9.0,1,0.0,0.0,0.0,0.0,0.0,0.0,0.0,0.0,0.0,0.0
3,7,2,0,29.0,39.0,8.0,1,1.0,0.0,0.0,10.0,0.0,29.0,0.0,2.0,0.0,4.0
3,7,1,1,-11.0,41.0,8.0,0,1.0,0.0,0.0,26.0,0.0,0.0,0.0,0.0,0.0,0.0
3,7,1,0,-6.0,54.0,9.0,1,1.0,0.0,0.0,37.0,0.0,0.0,0.0,0.0,0.0,1.0
3,8,4,1,6.0,31.0,6.0,0,0.0,0.0,0.0,0.0,0.0,0.0,0.0,0.0,0.0,1.0
3,8,4,1,-7.0,38.0,10.0,1,0.0,0.0,0.0,0.0,0.0,0.0,0.0,0.0,0.0,0.0
3,8,2,1,-3.0,27.0,3.0,0,0.0,0.0,0.0,0.0,0.0,0.0,0.0,0.0,0.0,1.0
3,8,4,1,-4.0,48.0,7.0,0,1.0,0.0,0.0,17.0,0.0,0.0,0.0,0.0,0.0,0.0
3,8,5,1,-5.0,31.0,10.0,0,0.0,0.0,0.0,0.0,0.0,0.0,0.0,0.0,0.0,1.0
3,8,1,1,1.0,36.0,8.0,0,0.0,0.0,0.0,0.0,0.0,0.0,0.0,0.0,0.0,0.0
3,8,3,1,0.0,38.0,3.0,0,0.0,0.0,0.0,0.0,0.0,0.0,0.0,0.0,0.0,1.0
3,8,4,1,30.0,47.0,16.0,0,1.0,0.0,0.0,18.0,0.0,30.0,0.0,0.0,0.0,0.0
3,8,1,1,36.0,65.0,9.0,0,1.0,0.0,0.0,43.0,0.0,36.0,0.0,0.0,0.0,1.0
3,8,2,1,-4.0,35.0,11.0,0,1.0,0.0,0.0,26.0,0.0,0.0,0.0,0.0,0.0,0.0
3,8,7,1,43.0,17.0,5.0,0,1.0,0.0,0.0,0.0,0.0,32.0,0.0,0.0,0.0,1.0
3,8,2,1,-4.0,42.0,7.0,0,1.0,0.0,0.0,16.0,0.0,0.0,0.0,0.0,0.0,0.0
3,8,3,1,26.0,27.0,5.0,0,1.0,26.0,0.0,9.0,0.0,0.0,0.0,0.0,0.0,0.0
3,8,4,1,0.0,19.0,10.0,0,1.0,0.0,0.0,16.0,0.0,0.0,0.0,0.0,0.0,0.0
3,8,4,0,6.0,22.0,5.0,0,0.0,0.0,0.0,0.0,0.0,0.0,0.0,0.0,0.0,0.0
3,8,1,0,21.0,24.0,6.0,0,1.0,0.0,0.0,0.0,0.0,18.0,0.0,0.0,0.0,0.0
3,8,2,0,-3.0,29.0,4.0,0,0.0,0.0,0.0,0.0,0.0,0.0,0.0,0.0,0.0,1.0
3,8,5,0,35.0,19.0,6.0,0,1.0,29.0,0.0,0.0,0.0,0.0,0.0,0.0,0.0,0.0
3,8,1,0,13.0,12.0,8.0,0,0.0,0.0,0.0,0.0,0.0,0.0,0.0,0.0,0.0,1.0
3,8,2,0,9.0,15.0,9.0,0,0.0,0.0,0.0,0.0,0.0,0.0,0.0,0.0,0.0,0.0
3,8,3,0,-8.0,24.0,9.0,1,1.0,0.0,0.0,16.0,0.0,0.0,0.0,0.0,0.0,1.0
3,8,4,0,-3.0,35.0,5.0,1,1.0,0.0,0.0,18.0,0.0,0.0,0.0,0.0,0.0,0.0
3,8,6,0,22.0,26.0,5.0,1,1.0,18.0,0.0,0.0,0.0,0.0,0.0,0.0,0.0,0.0
3,8,3,0,-2.0,46.0,5.0,1,0.0,0.0,0.0,0.0,0.0,0.0,0.0,0.0,0.0,0.0
3,8,4,0,5.0,35.0,4.0,1,0.0,0.0,0.0,0.0,0.0,0.0,0.0,0.0,0.0,1.0
3,8,2,0,6.0,21.0,7.0,1,0.0,0.0,0.0,0.0,0.0,0.0,0.0,0.0,0.0,0.0
3,8,3,0,142.0,29.0,3.0,1,1.0,142.0,0.0,15.0,0.0,0.0,0.0,0.0,0.0,1.0
3,8,5,0,-5.0,31.0,5.0,1,0.0,0.0,0.0,0.0,0.0,0.0,0.0,0.0,0.0,0.0
3,8,7,0,-3.0,26.0,10.0,1,0.0,0.0,0.0,0.0,0.0,0.0,0.0,0.0,0.0,0.0
3,8,1,0,-4.0,20.0,5.0,1,0.0,0.0,0.0,0.0,0.0,0.0,0.0,0.0,0.0,0.0
3,8,2,0,-3.0,22.0,11.0,1,0.0,0.0,0.0,0.0,0.0,0.0,0.0,0.0,0.0,0.0
3,8,3,0,-7.0,13.0,99.0,1,1.0,0.0,0.0,81.0,0.0,0.0,0.0,0.0,0.0,0.0
3,8,4,0,-1.0,25.0,6.0,1,1.0,0.0,0.0,20.0,0.0,0.0,0.0,0.0,0.0,1.0
3,8,5,0,1.0,22.0,16.0,1,0.0,0.0,0.0,0.0,0.0,0.0,0.0,0.0,0.0,0.0
3,8,5,0,33.0,32.0,5.0,1,1.0,0.0,0.0,22.0,0.0,0.0,0.0,3.0,0.0,2.0
3,8,3,0,-9.0,47.0,5.0,1,1.0,0.0,0.0,26.0,0.0,0.0,0.0,0.0,0.0,0.0
3,8,5,0,-7.0,31.0,5.0,1,1.0,0.0,0.0,16.0,0.0,0.0,0.0,3.0,0.0,1.0
3,8,1,0,-6.0,23.0,21.0,1,1.0,0.0,0.0,28.0,0.0,0.0,0.0,0.0,0.0,0.0
3,8,2,0,-2.0,27.0,3.0,1,0.0,0.0,0.0,0.0,0.0,0.0,0.0,3.0,0.0,2.0
3,8,4,0,-4.0,28.0,10.0,1,0.0,0.0,0.0,0.0,0.0,0.0,0.0,0.0,0.0,0.0
3,8,6,0,55.0,16.0,6.0,1,1.0,50.0,0.0,0.0,0.0,0.0,0.0,0.0,0.0,1.0
3,8,2,0,-3.0,29.0,8.0,1,1.0,0.0,0.0,17.0,0.0,0.0,0.0,0.0,0.0,0.0
3,8,3,0,-10.0,31.0,6.0,1,0.0,0.0,0.0,0.0,0.0,0.0,0.0,1.0,1.0,4.0
3,8,4,0,-4.0,21.0,5.0,1,0.0,0.0,0.0,0.0,0.0,0.0,0.0,0.0,0.0,0.0
3,8,2,0,-6.0,26.0,4.0,1,0.0,0.0,0.0,0.0,0.0,0.0,0.0,1.0,1.0,4.0
3,8,7,0,-3.0,33.0,5.0,1,1.0,0.0,0.0,15.0,0.0,0.0,0.0,0.0,0.0,0.0
3,8,1,0,-4.0,15.0,7.0,1,0.0,0.0,0.0,0.0,0.0,0.0,1.0,4.0,0.0,0.0
3,8,4,0,-2.0,28.0,5.0,1,0.0,0.0,0.0,0.0,0.0,0.0,0.0,0.0,0.0,0.0
3,8,2,0,-7.0,43.0,6.0,1,1.0,0.0,0.0,20.0,0.0,0.0,0.0,4.0,0.0,0.0
3,8,3,0,-9.0,32.0,21.0,1,0.0,0.0,0.0,0.0,0.0,0.0,0.0,0.0,0.0,0.0
3,8,5,0,48.0,36.0,13.0,1,1.0,0.0,0.0,62.0,0.0,0.0,0.0,4.0,0.0,0.0
3,8,6,0,7.0,38.0,6.0,1,0.0,0.0,0.0,0.0,0.0,0.0,0.0,0.0,0.0,0.0
3,8,1,0,61.0,24.0,13.0,1,1.0,1.0,0.0,0.0,0.0,40.0,1.0,4.0,0.0,0.0
3,8,3,0,46.0,25.0,5.0,1,1.0,0.0,0.0,0.0,0.0,33.0,0.0,0.0,0.0,0.0
3,8,4,0,73.0,12.0,8.0,1,1.0,0.0,0.0,0.0,0.0,43.0,0.0,4.0,0.0,0.0
3,8,5,0,72.0,51.0,7.0,1,1.0,0.0,0.0,30.0,0.0,40.0,0.0,0.0,0.0,0.0
3,8,1,0,94.0,14.0,11.0,1,1.0,0.0,0.0,0.0,0.0,77.0,0.0,4.0,0.0,0.0
3,8,2,0,78.0,35.0,15.0,1,1.0,7.0,0.0,11.0,0.0,71.0,0.0,0.0,0.0,0.0
3,8,3,0,-6.0,26.0,6.0,1,1.0,0.0,0.0,16.0,0.0,0.0,1.0,4.0,0.0,0.0
3,8,4,0,2.0,28.0,13.0,1,0.0,0.0,0.0,0.0,0.0,0.0,0.0,0.0,0.0,0.0
3,8,5,0,-1.0,26.0,11.0,1,0.0,0.0,0.0,0.0,0.0,0.0,0.0,4.0,0.0,0.0
3,8,6,0,13.0,23.0,6.0,1,1.0,0.0,0.0,8.0,0.0,13.0,0.0,0.0,0.0,0.0
3,8,1,0,33.0,21.0,5.0,1,1.0,5.0,0.0,17.0,0.0,28.0,0.0,4.0,0.0,0.0
3,8,2,0,44.0,27.0,7.0,1,1.0,0.0,0.0,18.0,0.0,44.0,0.0,0.0,0.0,0.0
3,8,3,0,11.0,27.0,6.0,1,0.0,0.0,0.0,0.0,0.0,0.0,0.0,4.0,0.0,0.0
3,8,4,0,50.0,25.0,4.0,1,1.0,2.0,0.0,0.0,0.0,33.0,0.0,0.0,0.0,0.0
3,8,6,0,35.0,35.0,6.0,1,1.0,3.0,0.0,5.0,0.0,32.0,0.0,4.0,0.0,0.0
3,8,7,0,-2.0,25.0,13.0,1,0.0,0.0,0.0,0.0,0.0,0.0,0.0,0.0,0.0,0.0
3,8,1,0,-2.0,23.0,9.0,1,0.0,0.0,0.0,0.0,0.0,0.0,1.0,3.0,0.0,2.0
3,8,2,0,90.0,25.0,19.0,1,1.0,1.0,0.0,9.0,0.0,89.0,0.0,0.0,0.0,0.0
3,8,4,0,-3.0,38.0,4.0,1,0.0,0.0,0.0,0.0,0.0,0.0,1.0,3.0,0.0,2.0
3,8,4,1,-4.0,32.0,7.0,0,0.0,0.0,0.0,0.0,0.0,0.0,0.0,0.0,0.0,0.0
3,8,4,0,14.0,25.0,7.0,1,0.0,0.0,0.0,0.0,0.0,0.0,0.0,3.0,0.0,2.0
3,8,2,0,-6.0,21.0,8.0,1,0.0,0.0,0.0,0.0,0.0,0.0,0.0,0.0,0.0,0.0
3,8,1,1,2.0,31.0,7.0,0,1.0,0.0,0.0,18.0,0.0,0.0,1.0,2.0,0.0,2.0
3,8,5,1,-3.0,37.0,13.0,1,0.0,0.0,0.0,0.0,0.0,0.0,0.0,0.0,0.0,0.0
3,8,5,0,10.0,75.0,5.0,1,1.0,0.0,0.0,112.0,0.0,0.0,1.0,2.0,0.0,3.0
3,8,4,1,-2.0,37.0,9.0,0,0.0,0.0,0.0,0.0,0.0,0.0,0.0,0.0,0.0,0.0
3,8,5,1,93.0,18.0,6.0,0,1.0,1.0,0.0,0.0,0.0,48.0,0.0,2.0,1.0,4.0
3,8,4,1,7.0,35.0,12.0,0,0.0,0.0,0.0,0.0,0.0,0.0,0.0,0.0,0.0,0.0
3,8,4,1,39.0,16.0,12.0,1,1.0,17.0,0.0,0.0,0.0,0.0,0.0,2.0,1.0,4.0
3,8,3,1,32.0,30.0,4.0,0,1.0,0.0,0.0,0.0,0.0,20.0,0.0,0.0,0.0,0.0
3,8,3,0,23.0,27.0,4.0,1,0.0,0.0,0.0,0.0,0.0,0.0,1.0,2.0,1.0,3.0
3,8,5,1,7.0,47.0,9.0,0,1.0,7.0,0.0,18.0,0.0,0.0,0.0,0.0,0.0,0.0
3,8,5,0,103.0,49.0,13.0,1,1.0,0.0,0.0,49.0,0.0,87.0,1.0,3.0,0.0,1.0
3,8,4,1,11.0,73.0,9.0,0,1.0,11.0,0.0,35.0,0.0,0.0,0.0,0.0,0.0,0.0
3,8,4,0,23.0,27.0,9.0,1,1.0,21.0,0.0,7.0,0.0,2.0,0.0,3.0,0.0,1.0
3,8,3,1,46.0,23.0,6.0,0,1.0,7.0,0.0,0.0,0.0,31.0,0.0,0.0,0.0,0.0
3,8,3,0,213.0,27.0,5.0,1,1.0,0.0,0.0,208.0,0.0,0.0,0.0,4.0,0.0,1.0
3,8,2,0,-9.0,41.0,10.0,1,1.0,0.0,0.0,22.0,0.0,0.0,0.0,0.0,0.0,0.0
3,8,2,1,43.0,42.0,4.0,1,1.0,0.0,0.0,75.0,0.0,31.0,0.0,4.0,0.0,1.0
3,8,2,0,-5.0,104.0,8.0,1,1.0,0.0,0.0,96.0,0.0,0.0,0.0,0.0,0.0,0.0
3,8,1,1,-7.0,25.0,7.0,0,1.0,0.0,0.0,32.0,0.0,0.0,0.0,3.0,0.0,1.0
3,8,1,1,7.0,39.0,4.0,1,1.0,7.0,0.0,19.0,0.0,0.0,0.0,0.0,0.0,0.0
3,8,1,0,-8.0,35.0,4.0,1,0.0,0.0,0.0,0.0,0.0,0.0,0.0,3.0,0.0,1.0
3,8,7,1,19.0,30.0,6.0,0,1.0,0.0,0.0,0.0,0.0,16.0,0.0,0.0,0.0,0.0
3,8,7,1,24.0,16.0,11.0,1,1.0,1.0,0.0,0.0,0.0,14.0,1.0,3.0,1.0,1.0
3,8,3,0,32.0,26.0,5.0,1,1.0,15.0,0.0,2.0,0.0,17.0,0.0,0.0,0.0,0.0
3,8,2,1,76.0,24.0,5.0,0,1.0,0.0,0.0,0.0,0.0,57.0,0.0,4.0,0.0,1.0
3,8,2,1,42.0,36.0,5.0,0,1.0,0.0,0.0,45.0,0.0,0.0,0.0,0.0,0.0,0.0
3,8,7,1,1.0,32.0,6.0,0,0.0,0.0,0.0,0.0,0.0,0.0,0.0,3.0,0.0,1.0
3,8,2,0,17.0,30.0,7.0,1,1.0,0.0,0.0,0.0,0.0,16.0,0.0,0.0,0.0,0.0
3,8,1,1,-1.0,35.0,12.0,0,0.0,0.0,0.0,0.0,0.0,0.0,0.0,3.0,0.0,1.0
3,8,1,0,90.0,16.0,17.0,1,1.0,56.0,0.0,0.0,0.0,9.0,0.0,0.0,0.0,0.0
3,8,7,1,9.0,39.0,5.0,0,0.0,0.0,0.0,0.0,0.0,0.0,0.0,0.0,0.0,1.0
3,8,7,1,42.0,22.0,5.0,1,1.0,0.0,0.0,17.0,0.0,7.0,0.0,0.0,0.0,0.0
3,8,1,0,-7.0,20.0,11.0,1,0.0,0.0,0.0,0.0,0.0,0.0,0.0,3.0,0.0,2.0
3,8,7,1,12.0,38.0,7.0,0,1.0,12.0,0.0,6.0,0.0,0.0,0.0,0.0,0.0,0.0
3,8,7,0,-2.0,22.0,6.0,1,0.0,0.0,0.0,0.0,0.0,0.0,0.0,3.0,0.0,2.0
3,8,6,1,66.0,12.0,7.0,0,1.0,39.0,0.0,0.0,0.0,0.0,0.0,0.0,0.0,0.0
3,8,6,0,8.0,16.0,10.0,1,0.0,0.0,0.0,0.0,0.0,0.0,0.0,0.0,0.0,1.0
3,8,5,1,-2.0,43.0,6.0,0,0.0,0.0,0.0,0.0,0.0,0.0,0.0,0.0,0.0,0.0
3,9,2,0,54.0,30.0,3.0,1,1.0,0.0,0.0,60.0,0.0,0.0,0.0,0.0,0.0,1.0
3,9,6,0,2.0,18.0,7.0,1,0.0,0.0,0.0,0.0,0.0,0.0,0.0,0.0,0.0,0.0
3,9,5,1,6.0,22.0,8.0,0,0.0,0.0,0.0,0.0,0.0,0.0,0.0,0.0,0.0,1.0
3,9,5,1,7.0,42.0,3.0,1,1.0,7.0,0.0,12.0,0.0,0.0,0.0,0.0,0.0,0.0
3,9,5,0,53.0,42.0,7.0,1,1.0,53.0,0.0,10.0,0.0,0.0,0.0,0.0,0.0,1.0
3,9,4,1,-5.0,41.0,5.0,0,0.0,0.0,0.0,0.0,0.0,0.0,0.0,0.0,0.0,0.0
3,9,5,1,6.0,32.0,5.0,0,0.0,0.0,0.0,0.0,0.0,0.0,0.0,0.0,0.0,1.0
3,9,5,0,-1.0,36.0,6.0,1,1.0,0.0,0.0,23.0,0.0,0.0,0.0,0.0,0.0,0.0
3,9,1,1,22.0,24.0,3.0,0,1.0,0.0,0.0,5.0,0.0,21.0,0.0,0.0,0.0,1.0
3,9,4,1,11.0,30.0,43.0,0,1.0,60.0,0.0,0.0,0.0,0.0,0.0,0.0,0.0,0.0
3,9,7,1,28.0,42.0,9.0,0,1.0,0.0,0.0,18.0,0.0,28.0,0.0,0.0,0.0,1.0
3,9,3,1,25.0,33.0,4.0,0,1.0,0.0,0.0,11.0,0.0,25.0,0.0,0.0,0.0,0.0
3,9,4,1,-8.0,33.0,11.0,0,0.0,0.0,0.0,0.0,0.0,0.0,0.0,0.0,0.0,0.0
3,9,7,1,-11.0,49.0,11.0,0,1.0,0.0,0.0,38.0,0.0,0.0,0.0,0.0,0.0,0.0
3,9,3,1,34.0,17.0,9.0,0,1.0,19.0,0.0,0.0,0.0,0.0,0.0,0.0,0.0,0.0
3,9,2,1,-2.0,19.0,9.0,0,0.0,0.0,0.0,0.0,0.0,0.0,0.0,0.0,0.0,0.0
3,9,4,1,17.0,38.0,6.0,0,1.0,0.0,0.0,16.0,0.0,17.0,0.0,0.0,0.0,1.0
3,9,5,1,82.0,13.0,5.0,0,1.0,63.0,0.0,0.0,0.0,0.0,0.0,0.0,0.0,0.0
3,9,5,1,-6.0,27.0,4.0,0,0.0,0.0,0.0,0.0,0.0,0.0,0.0,0.0,0.0,1.0
3,9,7,1,2.0,53.0,4.0,0,1.0,2.0,0.0,31.0,0.0,0.0,0.0,0.0,0.0,0.0
3,9,1,1,-5.0,30.0,8.0,0,1.0,0.0,0.0,32.0,0.0,0.0,0.0,0.0,0.0,1.0
3,9,2,1,5.0,19.0,4.0,0,0.0,0.0,0.0,0.0,0.0,0.0,0.0,0.0,0.0,0.0
3,9,3,1,3.0,28.0,5.0,0,0.0,0.0,0.0,0.0,0.0,0.0,0.0,0.0,0.0,0.0
3,9,4,1,30.0,32.0,4.0,0,1.0,0.0,0.0,20.0,0.0,30.0,0.0,0.0,0.0,0.0
3,9,6,1,-3.0,45.0,11.0,0,1.0,0.0,0.0,36.0,0.0,0.0,0.0,0.0,0.0,1.0
3,9,7,1,-1.0,21.0,5.0,0,0.0,0.0,0.0,0.0,0.0,0.0,0.0,0.0,0.0,0.0
3,9,1,1,18.0,25.0,6.0,0,1.0,0.0,18.0,17.0,0.0,0.0,0.0,0.0,0.0,1.0
3,9,2,1,-3.0,30.0,10.0,0,1.0,0.0,0.0,24.0,0.0,0.0,0.0,0.0,0.0,0.0
3,9,3,1,8.0,23.0,4.0,0,1.0,8.0,0.0,13.0,0.0,0.0,0.0,0.0,0.0,0.0
3,9,4,1,4.0,30.0,4.0,0,0.0,0.0,0.0,0.0,0.0,0.0,0.0,0.0,0.0,0.0
3,9,5,1,7.0,20.0,3.0,0,0.0,0.0,0.0,0.0,0.0,0.0,0.0,0.0,0.0,0.0
3,9,1,1,-10.0,44.0,8.0,0,0.0,0.0,0.0,0.0,0.0,0.0,0.0,0.0,0.0,0.0
3,9,2,1,-5.0,32.0,5.0,0,0.0,0.0,0.0,0.0,0.0,0.0,0.0,0.0,0.0,1.0
3,9,3,1,111.0,28.0,3.0,0,1.0,95.0,0.0,12.0,0.0,16.0,0.0,0.0,0.0,0.0
3,9,4,1,21.0,37.0,4.0,0,1.0,5.0,0.0,6.0,0.0,16.0,0.0,3.0,0.0,2.0
3,9,5,1,-2.0,23.0,3.0,0,0.0,0.0,0.0,0.0,0.0,0.0,0.0,0.0,0.0,0.0
3,9,6,1,-2.0,20.0,3.0,0,0.0,0.0,0.0,0.0,0.0,0.0,0.0,3.0,0.0,1.0
3,9,7,1,-5.0,20.0,8.0,0,1.0,0.0,0.0,19.0,0.0,0.0,0.0,0.0,0.0,0.0
3,9,1,1,8.0,20.0,9.0,0,1.0,0.0,0.0,10.0,0.0,8.0,0.0,3.0,0.0,2.0
3,9,6,0,-3.0,20.0,7.0,0,0.0,0.0,0.0,0.0,0.0,0.0,0.0,0.0,0.0,0.0
3,9,2,0,2.0,19.0,11.0,0,1.0,2.0,0.0,33.0,0.0,0.0,0.0,0.0,0.0,1.0
3,9,4,0,22.0,13.0,4.0,0,1.0,0.0,0.0,7.0,0.0,22.0,0.0,0.0,0.0,0.0
3,9,1,0,-3.0,28.0,6.0,0,1.0,0.0,0.0,20.0,0.0,0.0,0.0,1.0,1.0,4.0
3,9,5,0,-3.0,19.0,8.0,1,0.0,0.0,0.0,0.0,0.0,0.0,0.0,0.0,0.0,0.0
3,9,7,0,-6.0,22.0,9.0,1,0.0,0.0,0.0,0.0,0.0,0.0,0.0,1.0,1.0,4.0
3,9,1,0,-2.0,31.0,22.0,1,1.0,0.0,0.0,29.0,0.0,0.0,0.0,0.0,0.0,0.0
3,9,2,0,-5.0,33.0,7.0,1,1.0,0.0,0.0,24.0,0.0,0.0,1.0,4.0,0.0,0.0
3,9,4,0,-4.0,24.0,6.0,1,0.0,0.0,0.0,0.0,0.0,0.0,0.0,0.0,0.0,0.0
3,9,6,0,25.0,16.0,3.0,1,1.0,22.0,0.0,0.0,0.0,0.0,0.0,4.0,0.0,0.0
3,9,7,0,-3.0,15.0,14.0,1,0.0,0.0,0.0,0.0,0.0,0.0,0.0,0.0,0.0,0.0
3,9,1,0,1.0,21.0,6.0,1,0.0,0.0,0.0,0.0,0.0,0.0,0.0,4.0,0.0,0.0
3,9,4,0,-4.0,21.0,10.0,1,0.0,0.0,0.0,0.0,0.0,0.0,0.0,0.0,0.0,0.0
3,9,5,0,-1.0,31.0,6.0,1,0.0,0.0,0.0,0.0,0.0,0.0,1.0,4.0,0.0,0.0
3,9,2,0,-7.0,29.0,11.0,1,0.0,0.0,0.0,0.0,0.0,0.0,0.0,0.0,0.0,0.0
3,9,4,0,-6.0,25.0,5.0,1,0.0,0.0,0.0,0.0,0.0,0.0,0.0,4.0,0.0,0.0
3,9,5,0,10.0,21.0,5.0,1,0.0,0.0,0.0,0.0,0.0,0.0,0.0,0.0,0.0,0.0
3,9,1,0,-3.0,39.0,7.0,1,1.0,0.0,0.0,34.0,0.0,0.0,0.0,4.0,0.0,0.0
3,9,4,0,-7.0,30.0,7.0,1,0.0,0.0,0.0,0.0,0.0,0.0,0.0,0.0,0.0,0.0
3,9,5,0,5.0,32.0,5.0,1,0.0,0.0,0.0,0.0,0.0,0.0,1.0,4.0,0.0,0.0
3,9,5,0,0.0,23.0,7.0,1,0.0,0.0,0.0,0.0,0.0,0.0,0.0,0.0,0.0,0.0
3,9,6,0,-4.0,25.0,8.0,1,0.0,0.0,0.0,0.0,0.0,0.0,0.0,4.0,0.0,0.0
3,9,2,0,-4.0,29.0,4.0,1,0.0,0.0,0.0,0.0,0.0,0.0,0.0,0.0,0.0,0.0
3,9,4,0,-7.0,21.0,5.0,1,0.0,0.0,0.0,0.0,0.0,0.0,0.0,4.0,0.0,0.0
3,9,1,0,-9.0,22.0,14.0,1,0.0,0.0,0.0,0.0,0.0,0.0,0.0,0.0,0.0,0.0
3,9,5,0,-9.0,18.0,8.0,1,0.0,0.0,0.0,0.0,0.0,0.0,0.0,4.0,0.0,0.0
3,9,6,0,-5.0,32.0,8.0,1,0.0,0.0,0.0,0.0,0.0,0.0,0.0,0.0,0.0,0.0
3,9,7,0,-2.0,17.0,7.0,1,0.0,0.0,0.0,0.0,0.0,0.0,0.0,4.0,0.0,0.0
3,9,4,0,0.0,27.0,7.0,1,1.0,0.0,0.0,16.0,0.0,0.0,0.0,0.0,0.0,0.0
3,9,5,0,-5.0,29.0,5.0,1,0.0,0.0,0.0,0.0,0.0,0.0,1.0,3.0,0.0,2.0
3,9,6,0,22.0,27.0,3.0,1,1.0,22.0,0.0,10.0,0.0,0.0,0.0,0.0,0.0,0.0
3,9,7,0,-6.0,37.0,9.0,1,1.0,0.0,0.0,21.0,0.0,0.0,1.0,3.0,0.0,2.0
3,9,3,0,-8.0,18.0,9.0,1,0.0,0.0,0.0,0.0,0.0,0.0,0.0,0.0,0.0,0.0
3,9,5,0,50.0,15.0,17.0,1,1.0,0.0,0.0,11.0,0.0,50.0,0.0,3.0,0.0,2.0
3,9,6,0,50.0,12.0,5.0,1,1.0,36.0,0.0,0.0,0.0,0.0,0.0,0.0,0.0,0.0
3,9,2,0,-4.0,35.0,5.0,1,1.0,0.0,0.0,21.0,0.0,0.0,1.0,2.0,0.0,2.0
3,9,3,0,-2.0,38.0,5.0,1,0.0,0.0,0.0,0.0,0.0,0.0,0.0,0.0,0.0,0.0
3,9,5,0,74.0,14.0,3.0,1,1.0,0.0,0.0,0.0,0.0,45.0,1.0,2.0,0.0,3.0
3,9,6,0,7.0,24.0,5.0,1,0.0,0.0,0.0,0.0,0.0,0.0,0.0,0.0,0.0,0.0
3,9,7,0,0.0,22.0,5.0,1,0.0,0.0,0.0,0.0,0.0,0.0,0.0,2.0,1.0,4.0
3,9,1,0,-5.0,26.0,5.0,1,0.0,0.0,0.0,0.0,0.0,0.0,0.0,0.0,0.0,0.0
3,9,2,0,16.0,28.0,5.0,1,1.0,16.0,0.0,1.0,0.0,0.0,0.0,2.0,1.0,4.0
3,9,4,0,1.0,35.0,3.0,1,0.0,0.0,0.0,0.0,0.0,0.0,0.0,0.0,0.0,0.0
3,9,6,0,-1.0,16.0,16.0,1,1.0,0.0,0.0,40.0,0.0,0.0,1.0,2.0,1.0,3.0
3,9,7,0,-4.0,29.0,11.0,1,0.0,0.0,0.0,0.0,0.0,0.0,0.0,0.0,0.0,0.0
3,9,1,0,106.0,14.0,23.0,1,1.0,0.0,0.0,0.0,0.0,104.0,1.0,3.0,0.0,1.0
3,9,3,0,-7.0,38.0,20.0,1,1.0,0.0,0.0,18.0,0.0,0.0,0.0,0.0,0.0,0.0
3,9,4,0,-11.0,52.0,5.0,1,1.0,0.0,0.0,33.0,0.0,0.0,0.0,3.0,0.0,1.0
3,9,5,0,-7.0,27.0,16.0,1,0.0,0.0,0.0,0.0,0.0,0.0,0.0,0.0,0.0,0.0
3,9,6,0,-3.0,28.0,11.0,1,0.0,0.0,0.0,0.0,0.0,0.0,0.0,4.0,0.0,1.0
3,9,7,0,-4.0,25.0,12.0,1,0.0,0.0,0.0,0.0,0.0,0.0,0.0,0.0,0.0,0.0
3,9,5,0,35.0,29.0,4.0,1,1.0,0.0,0.0,0.0,0.0,15.0,0.0,4.0,0.0,1.0
3,9,2,1,-2.0,56.0,8.0,1,1.0,0.0,0.0,18.0,0.0,0.0,0.0,0.0,0.0,0.0
3,9,4,0,4.0,20.0,10.0,1,0.0,0.0,0.0,0.0,0.0,0.0,0.0,3.0,0.0,1.0
3,9,3,1,49.0,53.0,10.0,1,1.0,49.0,0.0,24.0,0.0,0.0,0.0,0.0,0.0,0.0
3,9,3,0,2.0,28.0,11.0,1,0.0,0.0,0.0,0.0,0.0,0.0,0.0,3.0,0.0,1.0
3,9,2,1,-8.0,26.0,9.0,0,0.0,0.0,0.0,0.0,0.0,0.0,0.0,0.0,0.0,0.0
3,9,1,1,167.0,15.0,6.0,0,1.0,0.0,167.0,0.0,0.0,0.0,1.0,3.0,1.0,1.0
3,9,1,0,25.0,15.0,5.0,1,1.0,22.0,0.0,0.0,0.0,0.0,0.0,0.0,0.0,0.0
3,9,7,1,-6.0,40.0,7.0,1,0.0,0.0,0.0,0.0,0.0,0.0,0.0,4.0,0.0,1.0
3,9,1,0,40.0,20.0,7.0,1,1.0,12.0,0.0,0.0,0.0,18.0,0.0,0.0,0.0,0.0
3,9,7,1,-6.0,43.0,8.0,0,1.0,0.0,0.0,34.0,0.0,0.0,0.0,3.0,0.0,1.0
3,9,5,1,4.0,31.0,9.0,1,0.0,0.0,0.0,0.0,0.0,0.0,0.0,0.0,0.0,0.0
3,9,5,1,-4.0,28.0,4.0,0,0.0,0.0,0.0,0.0,0.0,0.0,0.0,3.0,0.0,1.0
3,9,7,0,-1.0,26.0,9.0,1,0.0,0.0,0.0,0.0,0.0,0.0,0.0,0.0,0.0,0.0
3,9,6,1,47.0,14.0,7.0,1,1.0,36.0,0.0,0.0,0.0,0.0,0.0,0.0,0.0,1.0
3,9,5,1,-1.0,34.0,4.0,0,0.0,0.0,0.0,0.0,0.0,0.0,0.0,0.0,0.0,0.0
3,9,4,1,-2.0,35.0,4.0,0,0.0,0.0,0.0,0.0,0.0,0.0,0.0,3.0,0.0,2.0
3,9,3,1,12.0,35.0,6.0,1,1.0,12.0,0.0,17.0,0.0,0.0,0.0,0.0,0.0,0.0
3,9,3,1,9.0,30.0,5.0,0,1.0,9.0,0.0,14.0,0.0,0.0,0.0,3.0,0.0,2.0
3,9,3,1,80.0,23.0,8.0,1,1.0,5.0,0.0,0.0,0.0,68.0,0.0,0.0,0.0,0.0
3,9,3,1,25.0,45.0,6.0,0,1.0,0.0,0.0,14.0,0.0,25.0,0.0,0.0,0.0,1.0
3,9,1,1,82.0,27.0,6.0,1,1.0,0.0,0.0,0.0,0.0,62.0,0.0,0.0,0.0,0.0
3,9,1,1,-2.0,47.0,9.0,0,1.0,0.0,0.0,30.0,0.0,0.0,0.0,3.0,0.0,2.0
4,10,4,0,24.0,13.0,4.0,1,0.0,0.0,0.0,0.0,0.0,0.0,0.0,0.0,0.0,1.0
4,10,2,1,20.0,25.0,4.0,0,0.0,0.0,0.0,0.0,0.0,0.0,0.0,0.0,0.0,0.0
4,10,4,0,-1.0,24.0,5.0,1,1.0,0.0,0.0,17.0,0.0,0.0,0.0,0.0,0.0,1.0
4,10,3,1,24.0,33.0,5.0,1,1.0,24.0,0.0,1.0,0.0,0.0,0.0,0.0,0.0,0.0
4,10,3,1,0.0,30.0,7.0,0,1.0,0.0,0.0,16.0,0.0,0.0,0.0,0.0,0.0,1.0
4,10,2,0,12.0,32.0,10.0,1,0.0,0.0,0.0,0.0,0.0,0.0,0.0,0.0,0.0,0.0
4,10,1,1,62.0,24.0,3.0,1,1.0,3.0,0.0,0.0,0.0,22.0,0.0,0.0,0.0,1.0
4,10,7,1,8.0,29.0,6.0,0,0.0,0.0,0.0,0.0,0.0,0.0,0.0,0.0,0.0,0.0
4,10,1,1,-9.0,33.0,3.0,0,0.0,0.0,0.0,0.0,0.0,0.0,0.0,0.0,0.0,1.0
4,10,3,1,21.0,23.0,9.0,0,0.0,0.0,0.0,0.0,0.0,0.0,0.0,0.0,0.0,0.0
4,10,4,1,29.0,16.0,7.0,0,0.0,0.0,0.0,0.0,0.0,0.0,0.0,0.0,0.0,1.0
4,10,7,1,12.0,43.0,7.0,0,1.0,12.0,0.0,16.0,0.0,0.0,0.0,0.0,0.0,0.0
4,10,1,1,3.0,28.0,4.0,0,0.0,0.0,0.0,0.0,0.0,0.0,0.0,0.0,0.0,0.0
4,10,7,1,-3.0,23.0,23.0,0,0.0,0.0,0.0,0.0,0.0,0.0,0.0,0.0,0.0,0.0
4,10,4,1,1.0,21.0,4.0,0,0.0,0.0,0.0,0.0,0.0,0.0,0.0,0.0,0.0,0.0
4,10,6,1,-1.0,19.0,9.0,0,1.0,0.0,0.0,35.0,0.0,0.0,0.0,0.0,0.0,0.0
4,10,4,1,-2.0,21.0,4.0,0,0.0,0.0,0.0,0.0,0.0,0.0,0.0,0.0,0.0,1.0
4,10,5,1,16.0,17.0,10.0,0,1.0,16.0,0.0,15.0,0.0,0.0,0.0,0.0,0.0,0.0
4,10,1,0,30.0,18.0,5.0,1,1.0,16.0,0.0,0.0,0.0,0.0,0.0,0.0,0.0,1.0
4,10,2,0,-11.0,35.0,6.0,1,0.0,0.0,0.0,0.0,0.0,0.0,0.0,0.0,0.0,0.0
4,10,6,0,4.0,22.0,9.0,1,0.0,0.0,0.0,0.0,0.0,0.0,0.0,0.0,0.0,1.0
4,10,1,0,1.0,37.0,16.0,1,1.0,1.0,0.0,24.0,0.0,0.0,0.0,0.0,0.0,0.0
4,10,4,0,24.0,28.0,8.0,1,0.0,0.0,0.0,0.0,0.0,0.0,0.0,0.0,0.0,0.0
4,10,5,0,113.0,19.0,6.0,1,1.0,81.0,0.0,0.0,0.0,0.0,0.0,0.0,0.0,0.0
4,10,7,0,154.0,16.0,15.0,1,1.0,137.0,0.0,0.0,0.0,0.0,0.0,0.0,0.0,1.0
4,10,1,0,169.0,37.0,14.0,1,1.0,169.0,0.0,11.0,0.0,0.0,0.0,0.0,0.0,0.0
4,10,4,0,26.0,19.0,9.0,1,1.0,26.0,0.0,33.0,0.0,0.0,0.0,0.0,0.0,1.0
4,10,5,0,66.0,23.0,3.0,1,1.0,59.0,0.0,0.0,0.0,0.0,0.0,0.0,0.0,0.0
4,10,7,0,-1.0,22.0,12.0,1,0.0,0.0,0.0,0.0,0.0,0.0,0.0,0.0,0.0,0.0
4,10,1,0,10.0,18.0,10.0,1,0.0,0.0,0.0,0.0,0.0,0.0,0.0,0.0,0.0,0.0
4,10,2,0,-2.0,21.0,11.0,1,0.0,0.0,0.0,0.0,0.0,0.0,0.0,0.0,0.0,0.0
4,10,3,0,-11.0,39.0,9.0,1,1.0,0.0,0.0,18.0,0.0,0.0,0.0,0.0,0.0,0.0
4,10,4,0,18.0,18.0,6.0,1,0.0,0.0,0.0,0.0,0.0,0.0,0.0,0.0,0.0,1.0
4,10,6,0,2.0,20.0,12.0,1,0.0,0.0,0.0,0.0,0.0,0.0,0.0,0.0,0.0,0.0
4,10,1,0,-6.0,42.0,4.0,1,0.0,0.0,0.0,0.0,0.0,0.0,0.0,3.0,0.0,2.0
4,10,5,0,22.0,35.0,4.0,1,1.0,22.0,0.0,12.0,0.0,0.0,0.0,0.0,0.0,0.0
4,10,6,0,-4.0,37.0,7.0,1,0.0,0.0,0.0,0.0,0.0,0.0,0.0,3.0,0.0,1.0
4,10,1,0,-3.0,34.0,5.0,1,0.0,0.0,0.0,0.0,0.0,0.0,0.0,0.0,0.0,0.0
4,10,3,0,52.0,13.0,7.0,1,1.0,18.0,0.0,0.0,0.0,0.0,0.0,3.0,0.0,2.0
4,10,4,0,59.0,24.0,5.0,1,1.0,59.0,0.0,6.0,0.0,0.0,0.0,0.0,0.0,0.0
4,10,1,0,89.0,15.0,11.0,1,1.0,89.0,0.0,1.0,0.0,0.0,0.0,0.0,0.0,1.0
4,10,2,0,2.0,26.0,9.0,1,1.0,2.0,0.0,18.0,0.0,0.0,0.0,0.0,0.0,0.0
4,10,3,0,-11.0,26.0,3.0,1,0.0,0.0,0.0,0.0,0.0,0.0,0.0,1.0,1.0,4.0
4,10,5,0,-4.0,17.0,9.0,1,0.0,0.0,0.0,0.0,0.0,0.0,0.0,0.0,0.0,0.0
4,10,7,0,3.0,29.0,3.0,1,0.0,0.0,0.0,0.0,0.0,0.0,0.0,1.0,1.0,4.0
4,10,5,0,-4.0,30.0,5.0,1,0.0,0.0,0.0,0.0,0.0,0.0,0.0,0.0,0.0,0.0
4,10,7,0,-8.0,34.0,6.0,1,0.0,0.0,0.0,0.0,0.0,0.0,1.0,4.0,0.0,0.0
4,10,1,0,-5.0,41.0,12.0,1,0.0,0.0,0.0,0.0,0.0,0.0,0.0,0.0,0.0,0.0
4,10,2,0,-7.0,64.0,6.0,1,0.0,0.0,0.0,0.0,0.0,0.0,0.0,4.0,0.0,0.0
4,10,4,0,150.0,19.0,6.0,1,1.0,12.0,0.0,0.0,0.0,105.0,0.0,0.0,0.0,0.0
4,10,5,0,86.0,15.0,4.0,1,1.0,0.0,0.0,0.0,0.0,41.0,0.0,4.0,0.0,0.0
4,10,6,0,0.0,26.0,7.0,1,0.0,0.0,0.0,0.0,0.0,0.0,0.0,0.0,0.0,0.0
4,10,1,0,0.0,32.0,4.0,1,0.0,0.0,0.0,0.0,0.0,0.0,1.0,4.0,0.0,0.0
4,10,3,0,-6.0,40.0,5.0,1,0.0,0.0,0.0,0.0,0.0,0.0,0.0,0.0,0.0,0.0
4,10,4,0,74.0,17.0,5.0,1,1.0,0.0,0.0,0.0,0.0,55.0,0.0,4.0,0.0,0.0
4,10,7,0,-4.0,43.0,8.0,1,1.0,0.0,0.0,37.0,0.0,0.0,0.0,0.0,0.0,0.0
4,10,1,0,-4.0,32.0,21.0,1,1.0,0.0,0.0,30.0,0.0,0.0,0.0,4.0,0.0,0.0
4,10,2,0,-1.0,48.0,9.0,1,1.0,0.0,0.0,43.0,0.0,0.0,0.0,0.0,0.0,0.0
4,10,3,0,-8.0,36.0,3.0,1,0.0,0.0,0.0,0.0,0.0,0.0,1.0,4.0,0.0,0.0
4,10,5,0,-2.0,26.0,9.0,1,1.0,0.0,0.0,19.0,0.0,0.0,0.0,0.0,0.0,0.0
4,10,6,0,-7.0,30.0,6.0,1,0.0,0.0,0.0,0.0,0.0,0.0,0.0,4.0,0.0,0.0
4,10,7,0,47.0,39.0,6.0,1,1.0,0.0,0.0,57.0,0.0,0.0,0.0,0.0,0.0,0.0
4,10,1,0,1.0,29.0,10.0,1,0.0,0.0,0.0,0.0,0.0,0.0,0.0,4.0,0.0,0.0
4,10,4,1,37.0,16.0,15.0,0,0.0,0.0,0.0,0.0,0.0,0.0,0.0,0.0,0.0,0.0
4,10,3,1,23.0,34.0,4.0,0,1.0,21.0,0.0,25.0,0.0,0.0,0.0,4.0,0.0,0.0
4,10,1,1,-3.0,31.0,14.0,0,0.0,0.0,0.0,0.0,0.0,0.0,0.0,0.0,0.0,0.0
4,10,7,1,14.0,35.0,11.0,0,0.0,0.0,0.0,0.0,0.0,0.0,0.0,4.0,0.0,0.0
4,10,1,1,-4.0,23.0,24.0,0,0.0,0.0,0.0,0.0,0.0,0.0,0.0,0.0,0.0,0.0
4,10,2,0,-7.0,29.0,9.0,1,0.0,0.0,0.0,0.0,0.0,0.0,1.0,3.0,0.0,2.0
4,10,1,1,45.0,20.0,4.0,1,0.0,0.0,0.0,0.0,0.0,0.0,0.0,0.0,0.0,0.0
4,10,7,1,89.0,19.0,6.0,1,1.0,74.0,0.0,0.0,0.0,0.0,1.0,3.0,0.0,2.0
4,10,7,0,73.0,18.0,9.0,1,1.0,0.0,0.0,68.0,0.0,0.0,0.0,0.0,0.0,0.0
4,10,5,1,16.0,20.0,8.0,0,1.0,16.0,0.0,8.0,0.0,0.0,0.0,3.0,0.0,2.0
4,10,6,1,54.0,19.0,8.0,1,1.0,6.0,0.0,0.0,0.0,32.0,0.0,0.0,0.0,0.0
4,10,4,1,125.0,15.0,10.0,0,1.0,0.0,0.0,0.0,0.0,81.0,1.0,2.0,0.0,2.0
4,10,5,0,4.0,43.0,11.0,1,1.0,0.0,0.0,40.0,0.0,0.0,0.0,0.0,0.0,0.0
4,10,4,1,2.0,38.0,3.0,1,0.0,0.0,0.0,0.0,0.0,0.0,1.0,2.0,0.0,3.0
4,10,4,1,4.0,42.0,4.0,0,1.0,0.0,0.0,20.0,0.0,0.0,0.0,0.0,0.0,0.0
4,10,3,1,-4.0,25.0,6.0,0,0.0,0.0,0.0,0.0,0.0,0.0,0.0,2.0,1.0,4.0
4,10,2,1,75.0,17.0,11.0,1,1.0,73.0,0.0,0.0,0.0,0.0,0.0,0.0,0.0,0.0
4,10,2,1,-2.0,28.0,6.0,0,0.0,0.0,0.0,0.0,0.0,0.0,0.0,2.0,1.0,4.0
4,10,2,0,-8.0,15.0,11.0,1,0.0,0.0,0.0,0.0,0.0,0.0,0.0,0.0,0.0,0.0
4,10,1,1,-7.0,35.0,4.0,0,0.0,0.0,0.0,0.0,0.0,0.0,1.0,2.0,1.0,3.0
4,10,2,1,35.0,17.0,9.0,0,1.0,0.0,0.0,0.0,0.0,15.0,0.0,0.0,0.0,0.0
4,10,7,1,-3.0,49.0,7.0,1,0.0,0.0,0.0,0.0,0.0,0.0,1.0,3.0,0.0,1.0
4,10,6,1,9.0,18.0,4.0,1,0.0,0.0,0.0,0.0,0.0,0.0,0.0,0.0,0.0,0.0
4,10,6,1,-9.0,24.0,18.0,0,0.0,0.0,0.0,0.0,0.0,0.0,0.0,3.0,0.0,1.0
4,10,5,1,126.0,17.0,6.0,1,1.0,110.0,0.0,0.0,0.0,0.0,0.0,0.0,0.0,0.0
4,10,5,0,11.0,24.0,5.0,1,0.0,0.0,0.0,0.0,0.0,0.0,0.0,4.0,0.0,1.0
4,10,4,1,48.0,26.0,8.0,1,1.0,48.0,0.0,2.0,0.0,0.0,0.0,0.0,0.0,0.0
4,10,4,1,200.0,39.0,4.0,0,1.0,7.0,0.0,17.0,0.0,193.0,0.0,4.0,0.0,1.0
4,10,5,1,0.0,48.0,5.0,1,1.0,0.0,0.0,16.0,0.0,0.0,0.0,0.0,0.0,0.0
4,10,5,1,39.0,12.0,6.0,0,1.0,26.0,0.0,0.0,0.0,0.0,0.0,3.0,0.0,1.0
4,11,6,0,45.0,17.0,8.0,1,0.0,0.0,0.0,0.0,0.0,0.0,0.0,0.0,0.0,1.0
4,11,7,0,0.0,26.0,4.0,1,0.0,0.0,0.0,0.0,0.0,0.0,0.0,0.0,0.0,0.0
4,11,6,0,14.0,27.0,10.0,1,0.0,0.0,0.0,0.0,0.0,0.0,0.0,0.0,0.0,1.0
4,11,7,0,20.0,30.0,4.0,1,0.0,0.0,0.0,0.0,0.0,0.0,0.0,0.0,0.0,0.0
4,11,3,0,-6.0,27.0,17.0,1,0.0,0.0,0.0,0.0,0.0,0.0,0.0,0.0,0.0,1.0
4,11,7,0,-5.0,45.0,3.0,1,0.0,0.0,0.0,0.0,0.0,0.0,0.0,0.0,0.0,0.0
4,11,6,0,-1.0,23.0,10.0,1,0.0,0.0,0.0,0.0,0.0,0.0,0.0,0.0,0.0,1.0
4,11,7,0,-2.0,31.0,3.0,1,0.0,0.0,0.0,0.0,0.0,0.0,0.0,0.0,0.0,0.0
4,11,1,0,-3.0,25.0,7.0,1,0.0,0.0,0.0,0.0,0.0,0.0,0.0,0.0,0.0,1.0
4,11,2,0,0.0,31.0,10.0,1,0.0,0.0,0.0,0.0,0.0,0.0,0.0,0.0,0.0,0.0
4,11,6,0,-8.0,35.0,12.0,1,0.0,0.0,0.0,0.0,0.0,0.0,0.0,0.0,0.0,1.0
4,11,4,0,3.0,42.0,8.0,1,0.0,0.0,0.0,0.0,0.0,0.0,0.0,0.0,0.0,0.0
4,11,5,0,37.0,46.0,6.0,1,1.0,0.0,0.0,0.0,0.0,26.0,0.0,0.0,0.0,0.0
4,11,2,0,3.0,30.0,21.0,1,1.0,3.0,0.0,15.0,0.0,0.0,0.0,0.0,0.0,0.0
4,11,3,0,-5.0,22.0,16.0,1,0.0,0.0,0.0,0.0,0.0,0.0,0.0,0.0,0.0,0.0
4,11,5,0,57.0,35.0,7.0,1,1.0,0.0,0.0,0.0,0.0,38.0,0.0,0.0,0.0,0.0
4,11,2,0,-2.0,37.0,3.0,1,1.0,0.0,0.0,44.0,0.0,0.0,0.0,0.0,0.0,1.0
4,11,7,0,74.0,64.0,8.0,1,1.0,0.0,0.0,51.0,0.0,74.0,0.0,0.0,0.0,0.0
4,11,4,0,78.0,16.0,7.0,1,1.0,52.0,0.0,0.0,0.0,0.0,0.0,0.0,0.0,1.0
4,11,4,1,-1.0,35.0,9.0,0,0.0,0.0,0.0,0.0,0.0,0.0,0.0,0.0,0.0,0.0
4,11,3,0,-7.0,28.0,5.0,1,0.0,0.0,0.0,0.0,0.0,0.0,0.0,0.0,0.0,1.0
4,11,2,1,-8.0,26.0,16.0,0,0.0,0.0,0.0,0.0,0.0,0.0,0.0,0.0,0.0,0.0
4,11,2,0,-3.0,28.0,11.0,1,0.0,0.0,0.0,0.0,0.0,0.0,0.0,0.0,0.0,0.0
4,11,1,1,7.0,56.0,9.0,0,1.0,7.0,0.0,30.0,0.0,0.0,0.0,0.0,0.0,0.0
4,11,4,0,-3.0,52.0,5.0,1,0.0,0.0,0.0,0.0,0.0,0.0,0.0,0.0,0.0,1.0
4,11,3,1,33.0,22.0,8.0,0,0.0,0.0,0.0,0.0,0.0,0.0,0.0,0.0,0.0,0.0
4,11,2,1,37.0,20.0,12.0,0,1.0,4.0,0.0,5.0,0.0,33.0,0.0,0.0,0.0,1.0
4,11,2,0,-4.0,29.0,10.0,1,0.0,0.0,0.0,0.0,0.0,0.0,0.0,0.0,0.0,0.0
4,11,7,1,82.0,19.0,6.0,1,1.0,0.0,0.0,1.0,0.0,69.0,0.0,0.0,0.0,0.0
4,11,7,0,60.0,34.0,5.0,1,1.0,0.0,0.0,12.0,0.0,51.0,0.0,0.0,0.0,0.0
4,11,7,1,14.0,33.0,5.0,0,0.0,0.0,0.0,0.0,0.0,0.0,0.0,0.0,0.0,0.0
4,11,7,0,24.0,40.0,6.0,1,1.0,0.0,0.0,9.0,0.0,24.0,0.0,0.0,0.0,0.0
4,11,3,1,-5.0,69.0,4.0,0,1.0,0.0,0.0,33.0,0.0,0.0,0.0,0.0,0.0,1.0
4,11,1,1,34.0,21.0,5.0,0,1.0,8.0,0.0,0.0,0.0,7.0,0.0,0.0,0.0,0.0
4,11,7,1,0.0,29.0,10.0,0,0.0,0.0,0.0,0.0,0.0,0.0,0.0,3.0,0.0,2.0
4,11,5,1,252.0,24.0,7.0,1,1.0,2.0,0.0,0.0,0.0,216.0,0.0,0.0,0.0,0.0
4,11,5,0,11.0,33.0,6.0,1,0.0,0.0,0.0,0.0,0.0,0.0,0.0,3.0,0.0,1.0
4,11,7,1,97.0,13.0,5.0,0,1.0,53.0,0.0,0.0,0.0,20.0,0.0,0.0,0.0,0.0
4,11,7,0,-2.0,23.0,5.0,1,0.0,0.0,0.0,0.0,0.0,0.0,0.0,3.0,0.0,2.0
4,11,5,1,82.0,34.0,9.0,1,1.0,0.0,0.0,1.0,0.0,74.0,0.0,0.0,0.0,0.0
4,11,4,0,68.0,31.0,10.0,1,1.0,48.0,0.0,0.0,0.0,0.0,0.0,0.0,0.0,1.0
4,11,4,1,21.0,47.0,9.0,0,1.0,4.0,0.0,0.0,0.0,13.0,0.0,0.0,0.0,0.0
4,11,2,1,62.0,17.0,8.0,1,1.0,4.0,0.0,0.0,0.0,24.0,0.0,1.0,1.0,4.0
4,11,6,1,-16.0,18.0,47.0,0,0.0,0.0,0.0,0.0,0.0,0.0,0.0,0.0,0.0,0.0
4,11,7,1,-5.0,38.0,14.0,0,0.0,0.0,0.0,0.0,0.0,0.0,0.0,1.0,1.0,4.0
4,11,1,1,-6.0,37.0,34.0,0,1.0,0.0,0.0,27.0,0.0,0.0,0.0,0.0,0.0,0.0
4,11,3,1,17.0,33.0,7.0,0,1.0,5.0,0.0,2.0,0.0,12.0,1.0,4.0,0.0,0.0
4,11,7,1,-1.0,29.0,7.0,0,0.0,0.0,0.0,0.0,0.0,0.0,0.0,0.0,0.0,0.0
4,11,1,1,12.0,30.0,43.0,0,1.0,42.0,0.0,4.0,0.0,8.0,0.0,4.0,0.0,0.0
4,11,2,1,-1.0,26.0,5.0,0,0.0,0.0,0.0,0.0,0.0,0.0,0.0,0.0,0.0,0.0
4,11,7,1,59.0,36.0,12.0,0,1.0,3.0,0.0,11.0,0.0,56.0,0.0,4.0,0.0,0.0
4,11,5,1,36.0,29.0,9.0,0,0.0,0.0,0.0,0.0,0.0,0.0,0.0,0.0,0.0,0.0
4,11,1,1,26.0,23.0,13.0,0,0.0,0.0,0.0,0.0,0.0,0.0,1.0,4.0,0.0,0.0
4,11,4,1,23.0,28.0,6.0,0,0.0,0.0,0.0,0.0,0.0,0.0,0.0,0.0,0.0,0.0
4,11,7,1,12.0,25.0,4.0,0,1.0,12.0,0.0,27.0,0.0,0.0,0.0,4.0,0.0,0.0
4,11,3,1,120.0,23.0,18.0,0,1.0,2.0,0.0,0.0,0.0,108.0,0.0,0.0,0.0,0.0
4,11,3,1,36.0,27.0,3.0,0,1.0,0.0,5.0,1.0,0.0,31.0,0.0,4.0,0.0,0.0
4,11,4,1,85.0,44.0,4.0,0,1.0,80.0,0.0,7.0,0.0,5.0,0.0,0.0,0.0,0.0
4,11,5,1,6.0,21.0,6.0,0,0.0,0.0,0.0,0.0,0.0,0.0,1.0,4.0,0.0,0.0
4,11,1,1,7.0,27.0,9.0,0,1.0,3.0,0.0,9.0,0.0,4.0,0.0,0.0,0.0,0.0
4,11,2,1,-2.0,30.0,8.0,0,0.0,0.0,0.0,0.0,0.0,0.0,0.0,4.0,0.0,0.0
4,11,5,1,41.0,18.0,6.0,0,1.0,31.0,0.0,0.0,0.0,0.0,0.0,0.0,0.0,0.0
4,11,6,1,-5.0,35.0,7.0,0,0.0,0.0,0.0,0.0,0.0,0.0,0.0,4.0,0.0,0.0
4,11,7,1,4.0,32.0,4.0,0,0.0,0.0,0.0,0.0,0.0,0.0,0.0,0.0,0.0,0.0
4,11,1,1,3.0,45.0,7.0,0,1.0,2.0,0.0,20.0,0.0,1.0,0.0,4.0,0.0,0.0
4,12,7,1,10.0,22.0,7.0,0,1.0,10.0,0.0,9.0,0.0,0.0,0.0,0.0,0.0,1.0
4,12,1,1,-3.0,28.0,10.0,0,1.0,0.0,0.0,17.0,0.0,0.0,0.0,0.0,0.0,0.0
4,12,2,1,-10.0,30.0,8.0,0,1.0,0.0,0.0,19.0,0.0,0.0,0.0,0.0,0.0,1.0
4,12,4,1,-11.0,35.0,5.0,0,1.0,0.0,0.0,19.0,0.0,0.0,0.0,0.0,0.0,0.0
4,12,5,1,22.0,16.0,5.0,0,0.0,0.0,0.0,0.0,0.0,0.0,0.0,0.0,0.0,1.0
4,12,1,1,-5.0,27.0,15.0,0,0.0,0.0,0.0,0.0,0.0,0.0,0.0,0.0,0.0,0.0
4,12,2,1,40.0,39.0,5.0,0,1.0,26.0,0.0,3.0,0.0,14.0,0.0,0.0,0.0,1.0
4,12,2,1,18.0,32.0,4.0,0,0.0,0.0,0.0,0.0,0.0,0.0,0.0,0.0,0.0,0.0
4,12,7,1,-1.0,32.0,13.0,0,0.0,0.0,0.0,0.0,0.0,0.0,0.0,0.0,0.0,1.0
4,12,4,1,-7.0,31.0,8.0,0,1.0,0.0,0.0,23.0,0.0,0.0,0.0,0.0,0.0,0.0
4,12,5,1,-6.0,25.0,9.0,0,0.0,0.0,0.0,0.0,0.0,0.0,0.0,0.0,0.0,1.0
4,12,4,1,12.0,20.0,2.0,0,1.0,12.0,0.0,12.0,0.0,0.0,0.0,0.0,0.0,0.0
4,12,5,1,17.0,17.0,14.0,0,1.0,17.0,0.0,8.0,0.0,0.0,0.0,0.0,0.0,0.0
4,12,6,1,-8.0,20.0,6.0,0,0.0,0.0,0.0,0.0,0.0,0.0,0.0,0.0,0.0,0.0
4,12,1,1,-4.0,24.0,11.0,0,0.0,0.0,0.0,0.0,0.0,0.0,0.0,0.0,0.0,0.0
4,12,2,1,0.0,22.0,3.0,0,0.0,0.0,0.0,0.0,0.0,0.0,0.0,0.0,0.0,0.0
4,12,4,1,4.0,22.0,5.0,0,1.0,4.0,0.0,12.0,0.0,0.0,0.0,0.0,0.0,1.0
4,12,5,1,37.0,14.0,7.0,0,1.0,1.0,0.0,0.0,0.0,18.0,0.0,0.0,0.0,0.0
4,12,6,1,27.0,14.0,4.0,0,1.0,25.0,0.0,0.0,0.0,0.0,0.0,0.0,0.0,1.0
4,12,7,1,-4.0,32.0,5.0,0,0.0,0.0,0.0,0.0,0.0,0.0,0.0,0.0,0.0,0.0
4,12,1,1,12.0,28.0,8.0,0,1.0,0.0,0.0,6.0,0.0,12.0,0.0,0.0,0.0,1.0
4,12,2,1,10.0,37.0,6.0,0,0.0,0.0,0.0,0.0,0.0,0.0,0.0,0.0,0.0,0.0
4,12,4,1,4.0,34.0,6.0,0,0.0,0.0,0.0,0.0,0.0,0.0,0.0,0.0,0.0,0.0
4,12,5,1,9.0,38.0,9.0,0,0.0,0.0,0.0,0.0,0.0,0.0,0.0,0.0,0.0,0.0
4,12,2,1,23.0,40.0,2.0,0,1.0,20.0,0.0,0.0,0.0,1.0,0.0,0.0,0.0,1.0
4,12,3,1,51.0,41.0,4.0,0,1.0,13.0,0.0,4.0,0.0,38.0,0.0,0.0,0.0,0.0
4,12,1,0,325.0,10.0,4.0,0,1.0,284.0,0.0,0.0,0.0,0.0,0.0,0.0,0.0,1.0
4,12,4,0,-8.0,47.0,6.0,1,1.0,0.0,0.0,26.0,0.0,0.0,0.0,0.0,0.0,0.0
4,12,7,0,4.0,19.0,5.0,1,0.0,0.0,0.0,0.0,0.0,0.0,0.0,0.0,0.0,0.0
4,12,1,0,2.0,30.0,5.0,1,0.0,0.0,0.0,0.0,0.0,0.0,0.0,0.0,0.0,0.0
4,12,2,0,-6.0,28.0,4.0,1,0.0,0.0,0.0,0.0,0.0,0.0,0.0,0.0,0.0,0.0
4,12,4,0,-5.0,35.0,4.0,1,0.0,0.0,0.0,0.0,0.0,0.0,0.0,0.0,0.0,0.0
4,12,5,0,27.0,16.0,4.0,1,0.0,0.0,0.0,0.0,0.0,0.0,0.0,0.0,0.0,1.0
4,12,4,0,-8.0,21.0,4.0,1,0.0,0.0,0.0,0.0,0.0,0.0,0.0,0.0,0.0,0.0
4,12,5,0,-1.0,40.0,1.0,1,1.0,0.0,0.0,36.0,0.0,0.0,0.0,3.0,0.0,2.0
4,12,7,0,-8.0,23.0,7.0,1,0.0,0.0,0.0,0.0,0.0,0.0,0.0,0.0,0.0,0.0
4,12,4,0,-2.0,27.0,6.0,1,0.0,0.0,0.0,0.0,0.0,0.0,0.0,3.0,0.0,1.0
4,12,5,0,23.0,35.0,9.0,1,1.0,23.0,0.0,21.0,0.0,0.0,0.0,0.0,0.0,0.0
4,12,7,0,9.0,40.0,11.0,1,1.0,9.0,0.0,18.0,0.0,0.0,0.0,3.0,0.0,2.0
4,12,3,0,5.0,41.0,6.0,1,0.0,0.0,0.0,0.0,0.0,0.0,0.0,0.0,0.0,0.0
4,12,5,0,33.0,20.0,6.0,1,0.0,0.0,0.0,0.0,0.0,0.0,0.0,0.0,0.0,1.0
4,12,7,0,119.0,15.0,4.0,1,1.0,0.0,0.0,0.0,0.0,85.0,0.0,0.0,0.0,0.0
4,12,1,0,-4.0,34.0,14.0,1,0.0,0.0,0.0,0.0,0.0,0.0,0.0,1.0,1.0,4.0
4,12,2,0,18.0,29.0,4.0,1,1.0,0.0,0.0,38.0,0.0,0.0,0.0,0.0,0.0,0.0
4,12,3,0,-5.0,38.0,9.0,1,0.0,0.0,0.0,0.0,0.0,0.0,0.0,1.0,1.0,4.0
4,12,4,0,156.0,33.0,4.0,1,1.0,156.0,0.0,27.0,0.0,0.0,0.0,0.0,0.0,0.0
4,12,5,0,-3.0,29.0,7.0,1,0.0,0.0,0.0,0.0,0.0,0.0,1.0,4.0,0.0,0.0
4,12,2,0,-6.0,29.0,3.0,1,0.0,0.0,0.0,0.0,0.0,0.0,0.0,0.0,0.0,0.0
4,12,5,0,-4.0,33.0,12.0,1,0.0,0.0,0.0,0.0,0.0,0.0,0.0,4.0,0.0,0.0
4,12,1,0,1.0,24.0,8.0,1,0.0,0.0,0.0,0.0,0.0,0.0,0.0,0.0,0.0,0.0
4,12,3,0,23.0,30.0,4.0,1,0.0,0.0,0.0,0.0,0.0,0.0,0.0,4.0,0.0,0.0
4,12,3,0,67.0,16.0,4.0,1,1.0,0.0,0.0,0.0,0.0,33.0,0.0,0.0,0.0,0.0
4,12,3,1,17.0,54.0,4.0,0,1.0,17.0,0.0,14.0,0.0,0.0,1.0,4.0,0.0,0.0
4,12,4,0,-7.0,33.0,5.0,1,1.0,0.0,0.0,15.0,0.0,0.0,0.0,0.0,0.0,0.0
4,12,3,0,-4.0,26.0,5.0,1,0.0,0.0,0.0,0.0,0.0,0.0,0.0,4.0,0.0,0.0
4,12,2,1,70.0,11.0,4.0,0,1.0,2.0,0.0,0.0,0.0,53.0,0.0,0.0,0.0,0.0
4,12,2,0,-8.0,33.0,6.0,1,1.0,0.0,0.0,25.0,0.0,0.0,0.0,4.0,0.0,0.0
4,12,1,1,-2.0,25.0,14.0,0,0.0,0.0,0.0,0.0,0.0,0.0,0.0,0.0,0.0,0.0
4,12,1,0,-2.0,32.0,5.0,1,0.0,0.0,0.0,0.0,0.0,0.0,1.0,4.0,0.0,0.0
4,12,7,1,-6.0,33.0,4.0,0,0.0,0.0,0.0,0.0,0.0,0.0,0.0,0.0,0.0,0.0
4,12,2,1,1.0,47.0,6.0,0,0.0,0.0,0.0,0.0,0.0,0.0,0.0,4.0,0.0,0.0
4,12,7,0,-1.0,24.0,5.0,1,1.0,0.0,0.0,18.0,0.0,0.0,0.0,0.0,0.0,0.0
4,12,5,1,-9.0,40.0,11.0,0,0.0,0.0,0.0,0.0,0.0,0.0,0.0,4.0,0.0,0.0
4,12,5,0,-2.0,23.0,4.0,1,0.0,0.0,0.0,0.0,0.0,0.0,0.0,0.0,0.0,0.0
4,12,4,1,-5.0,31.0,7.0,0,1.0,0.0,0.0,16.0,0.0,0.0,0.0,4.0,0.0,0.0
4,12,4,0,54.0,47.0,5.0,1,1.0,0.0,0.0,56.0,0.0,29.0,0.0,0.0,0.0,0.0
4,12,4,1,-4.0,52.0,10.0,0,0.0,0.0,0.0,0.0,0.0,0.0,0.0,4.0,0.0,0.0
4,12,4,1,81.0,20.0,5.0,0,1.0,5.0,0.0,0.0,0.0,48.0,0.0,0.0,0.0,0.0
4,12,4,0,23.0,29.0,6.0,1,1.0,20.0,0.0,0.0,0.0,0.0,1.0,3.0,0.0,2.0
4,12,3,0,-1.0,39.0,5.0,1,1.0,0.0,0.0,24.0,0.0,0.0,0.0,0.0,0.0,0.0
4,12,2,0,-6.0,36.0,5.0,1,0.0,0.0,0.0,0.0,0.0,0.0,1.0,3.0,0.0,2.0
4,12,1,0,14.0,45.0,8.0,1,1.0,14.0,0.0,4.0,0.0,0.0,0.0,0.0,0.0,0.0
4,12,2,0,10.0,21.0,11.0,1,0.0,0.0,0.0,0.0,0.0,0.0,0.0,3.0,0.0,2.0
4,12,1,1,-5.0,29.0,11.0,0,0.0,0.0,0.0,0.0,0.0,0.0,0.0,0.0,0.0,0.0
4,12,7,1,0.0,27.0,7.0,0,0.0,0.0,0.0,0.0,0.0,0.0,1.0,2.0,0.0,2.0
4,12,5,0,35.0,29.0,10.0,1,1.0,35.0,0.0,13.0,0.0,0.0,0.0,0.0,0.0,0.0
4,12,4,1,0.0,27.0,5.0,0,1.0,0.0,0.0,20.0,0.0,0.0,1.0,2.0,0.0,3.0
